source,match_id,home_team,away_team,group,date,home_win_prob,draw_prob,away_win_prob,home_win_odds,draw_odds,away_win_odds,extra
betexplorer,mexico_2_vs_0_south_africa,Mexico  2,0  South Africa,,2026-06-11,0.669818,0.217238,0.112944,1.44,4.44,8.54,
betexplorer,south_korea_2_vs_1_czech_republic,South Korea  2,1  Czech Republic,,2026-06-12,0.372144,0.308696,0.31916,2.53,3.05,2.95,
betexplorer,canada_1_vs_1_bosnia_and_herzegovina,Canada  1,1  Bosnia and Herzegovina,,2026-06-12,0.523039,0.272632,0.204329,1.84,3.53,4.71,
betexplorer,usa_4_vs_1_paraguay,USA  4,1  Paraguay,,2026-06-13,0.46392,0.295222,0.240859,2.03,3.19,3.91,
betexplorer,qatar_1_vs_1_switzerland,Qatar  1,1  Switzerland,,2026-06-13,0.060687,0.133546,0.805766,15.8,7.18,1.19,
betexplorer,brazil_1_vs_1_morocco,Brazil  1,1  Morocco,,2026-06-13,0.567872,0.25756,0.174568,1.66,3.66,5.4,
betexplorer,haiti_0_vs_1_scotland,Haiti  0,1  Scotland,,2026-06-14,0.173385,0.2231,0.603514,5.43,4.22,1.56,
betexplorer,australia_2_vs_0_turkey,Australia  2,0  Turkey,,2026-06-14,0.18208,0.259828,0.558092,5.18,3.63,1.69,
betexplorer,germany_7_vs_1_curacao,Germany  7,1  Curacao,,2026-06-14,0.924651,0.052037,0.023312,1.04,18.48,41.25,
betexplorer,netherlands_2_vs_2_japan,Netherlands  2,2  Japan,,2026-06-14,0.477509,0.273249,0.249242,2.02,3.53,3.87,
betexplorer,ivory_coast_1_vs_0_ecuador,Ivory Coast  1,0  Ecuador,,2026-06-14,0.290454,0.326884,0.382662,3.32,2.95,2.52,
betexplorer,sweden_5_vs_1_tunisia,Sweden  5,1  Tunisia,,2026-06-15,0.512025,0.28229,0.205685,1.88,3.41,4.68,
betexplorer,spain_0_vs_0_cape_verde,Spain  0,0  Cape Verde,,2026-06-15,0.887418,0.077667,0.034915,1.08,12.34,27.45,
betexplorer,belgium_1_vs_1_egypt,Belgium  1,1  Egypt,,2026-06-15,0.630854,0.226574,0.142571,1.53,4.26,6.77,
betexplorer,saudi_arabia_1_vs_1_uruguay,Saudi Arabia  1,1  Uruguay,,2026-06-15,0.12749,0.229855,0.642655,7.41,4.11,1.47,
betexplorer,iran_2_vs_2_new_zealand,Iran  2,2  New Zealand,,2026-06-16,0.520319,0.275111,0.20457,1.84,3.48,4.68,
betexplorer,france_3_vs_1_senegal,France  3,1  Senegal,,2026-06-16,0.644628,0.215358,0.140014,1.49,4.46,6.86,
betexplorer,iraq_1_vs_4_norway,Iraq  1,4  Norway,,2026-06-16,0.075877,0.144656,0.779467,12.43,6.52,1.21,
betexplorer,argentina_3_vs_0_algeria,Argentina  3,0  Algeria,,2026-06-17,0.626147,0.23327,0.140582,1.52,4.08,6.77,
betexplorer,austria_3_vs_1_jordan,Austria  3,1  Jordan,,2026-06-17,0.683583,0.20303,0.113387,1.39,4.68,8.38,
betexplorer,portugal_1_vs_1_democratic_republic_of_the_congo,Portugal  1,1  Democratic Republic of the Congo,,2026-06-17,0.746064,0.172787,0.081149,1.29,5.57,11.86,
betexplorer,england_4_vs_2_croatia,England  4,2  Croatia,,2026-06-17,0.574646,0.251407,0.173947,1.68,3.84,5.55,
betexplorer,ghana_1_vs_0_panama,Ghana  1,0  Panama,,2026-06-17,0.405187,0.302931,0.291882,2.37,3.17,3.29,
betexplorer,uzbekistan_1_vs_3_colombia,Uzbekistan  1,3  Colombia,,2026-06-18,0.092118,0.185481,0.722401,10.43,5.18,1.33,
betexplorer,czech_republic_1_vs_1_south_africa,Czech Republic  1,1  South Africa,,2026-06-18,0.511206,0.276169,0.212625,1.88,3.48,4.52,
betexplorer,switzerland_4_vs_1_bosnia_and_herzegovina,Switzerland  4,1  Bosnia and Herzegovina,,2026-06-18,0.616028,0.230457,0.153515,1.56,4.17,6.26,
betexplorer,usa_2_vs_0_australia,USA  2,0  Australia,,2026-06-19,0.613101,0.224516,0.162383,1.56,4.26,5.89,
betexplorer,scotland_0_vs_1_morocco,Scotland  0,1  Morocco,,2026-06-19,0.168464,0.259563,0.571972,5.67,3.68,1.67,
betexplorer,brazil_3_vs_0_haiti,Brazil  3,0  Haiti,,2026-06-20,0.864576,0.090621,0.044803,1.11,10.59,21.42,
betexplorer,turkey_0_vs_1_paraguay,Turkey  0,1  Paraguay,,2026-06-20,0.459703,0.288007,0.252291,2.08,3.32,3.79,
betexplorer,netherlands_5_vs_1_sweden,Netherlands  5,1  Sweden,,2026-06-20,0.560311,0.240336,0.199353,1.69,3.94,4.75,
betexplorer,germany_2_vs_1_ivory_coast,Germany  2,1  Ivory Coast,,2026-06-20,0.654626,0.200678,0.144696,1.45,4.73,6.56,
betexplorer,ecuador_0_vs_0_curacao,Ecuador  0,0  Curacao,,2026-06-21,0.829493,0.110663,0.059844,1.15,8.62,15.94,
betexplorer,tunisia_0_vs_4_japan,Tunisia  0,4  Japan,,2026-06-21,0.119744,0.220831,0.659425,7.93,4.3,1.44,
betexplorer,spain_4_vs_0_saudi_arabia,Spain  4,0  Saudi Arabia,,2026-06-21,0.871025,0.089399,0.039576,1.09,10.62,23.99,
betexplorer,belgium_0_vs_0_iran,Belgium  0,0  Iran,,2026-06-21,0.672301,0.206408,0.121291,1.4,4.56,7.76,
betexplorer,uruguay_2_vs_2_cape_verde,Uruguay  2,2  Cape Verde,,2026-06-21,0.686,0.207151,0.106849,1.38,4.57,8.86,
betexplorer,new_zealand_1_vs_3_egypt,New Zealand  1,3  Egypt,,2026-06-22,0.166011,0.247278,0.58671,5.69,3.82,1.61,
betexplorer,argentina_2_vs_0_austria,Argentina  2,0  Austria,,2026-06-22,0.66088,0.216828,0.122292,1.46,4.45,7.89,
betexplorer,france_3_vs_0_iraq,France  3,0  Iraq,,2026-06-22,0.887269,0.080661,0.03207,1.08,11.88,29.88,
betexplorer,norway_3_vs_2_senegal,Norway  3,2  Senegal,,2026-06-23,0.394142,0.278083,0.327775,2.42,3.43,2.91,
betexplorer,jordan_1_vs_2_algeria,Jordan  1,2  Algeria,,2026-06-23,0.141834,0.217501,0.640665,6.64,4.33,1.47,
betexplorer,portugal_5_vs_0_uzbekistan,Portugal  5,0  Uzbekistan,,2026-06-23,0.837947,0.11166,0.050393,1.13,8.48,18.79,
betexplorer,england_0_vs_0_ghana,England  0,0  Ghana,,2026-06-23,0.807618,0.13142,0.060962,1.17,7.19,15.5,
betexplorer,panama_0_vs_1_croatia,Panama  0,1  Croatia,,2026-06-23,0.126639,0.209843,0.663518,7.44,4.49,1.42,
betexplorer,colombia_1_vs_0_democratic_republic_of_the_congo,Colombia  1,0  Democratic Republic of the Congo,,2026-06-24,0.619958,0.236174,0.143868,1.52,3.99,6.55,
betexplorer,switzerland_2_vs_1_canada,Switzerland  2,1  Canada,,2026-06-24,0.394179,0.313522,0.292299,2.41,3.03,3.25,
betexplorer,bosnia_and_herzegovina_3_vs_1_qatar,Bosnia and Herzegovina  3,1  Qatar,,2026-06-24,0.699588,0.179517,0.120895,1.36,5.3,7.87,
betexplorer,scotland_0_vs_3_brazil,Scotland  0,3  Brazil,,2026-06-24,0.096359,0.178031,0.72561,9.94,5.38,1.32,
betexplorer,morocco_4_vs_2_haiti,Morocco  4,2  Haiti,,2026-06-24,0.742873,0.165511,0.091616,1.29,5.79,10.46,
betexplorer,south_africa_1_vs_0_south_korea,South Africa  1,0  South Korea,,2026-06-25,0.173963,0.256514,0.569523,5.5,3.73,1.68,
betexplorer,czech_republic_0_vs_3_mexico,Czech Republic  0,3  Mexico,,2026-06-25,0.207619,0.24231,0.550071,4.61,3.95,1.74,
betexplorer,ecuador_2_vs_1_germany,Ecuador  2,1  Germany,,2026-06-25,0.214836,0.217745,0.567419,4.49,4.43,1.7,
betexplorer,curacao_0_vs_2_ivory_coast,Curacao  0,2  Ivory Coast,,2026-06-25,0.063593,0.121558,0.814849,15.12,7.91,1.18,
betexplorer,tunisia_1_vs_3_netherlands,Tunisia  1,3  Netherlands,,2026-06-25,0.052342,0.107408,0.84025,18.14,8.84,1.13,
betexplorer,japan_1_vs_1_sweden,Japan  1,1  Sweden,,2026-06-25,0.416438,0.280941,0.302621,2.26,3.35,3.11,
betexplorer,paraguay_0_vs_0_australia,Paraguay  0,0  Australia,,2026-06-26,0.370113,0.400037,0.22985,2.54,2.35,4.09,
betexplorer,turkey_3_vs_2_usa,Turkey  3,2  USA,,2026-06-26,0.289893,0.245993,0.464114,3.25,3.83,2.03,
betexplorer,norway_1_vs_4_france,Norway  1,4  France,,2026-06-26,0.127302,0.16735,0.705348,7.48,5.69,1.35,
betexplorer,senegal_5_vs_0_iraq,Senegal  5,0  Iraq,,2026-06-26,0.782927,0.136359,0.080714,1.2,6.89,11.64,
betexplorer,uruguay_0_vs_1_spain,Uruguay  0,1  Spain,,2026-06-27,0.166475,0.262465,0.57106,5.66,3.59,1.65,
betexplorer,cape_verde_0_vs_0_saudi_arabia,Cape Verde  0,0  Saudi Arabia,,2026-06-27,0.366627,0.281851,0.351522,2.56,3.33,2.67,
betexplorer,new_zealand_1_vs_5_belgium,New Zealand  1,5  Belgium,,2026-06-27,0.071691,0.118074,0.810234,13.11,7.96,1.16,
betexplorer,egypt_1_vs_1_iran,Egypt  1,1  Iran,,2026-06-27,0.369734,0.354329,0.275937,2.53,2.64,3.39,
betexplorer,panama_0_vs_2_england,Panama  0,2  England,,2026-06-27,0.061192,0.110562,0.828245,15.43,8.54,1.14,
betexplorer,croatia_2_vs_1_ghana,Croatia  2,1  Ghana,,2026-06-27,0.502768,0.312982,0.18425,1.88,3.02,5.13,
betexplorer,colombia_0_vs_0_portugal,Colombia  0,0  Portugal,,2026-06-27,0.236616,0.243859,0.519526,4.04,3.92,1.84,
betexplorer,democratic_republic_of_the_congo_3_vs_1_uzbekistan,Democratic Republic of the Congo  3,1  Uzbekistan,,2026-06-27,0.570709,0.252138,0.177153,1.67,3.78,5.38,
betexplorer,jordan_1_vs_3_argentina,Jordan  1,3  Argentina,,2026-06-28,0.048232,0.109819,0.841948,19.9,8.74,1.14,
betexplorer,algeria_3_vs_3_austria,Algeria  3,3  Austria,,2026-06-28,0.271621,0.460574,0.267806,3.51,2.07,3.56,
uanalyse,mexico_vs_south_africa,Mexico,South Africa,,2026-06-11,0.641,0.2145,0.1445,,,,"{""snapshot"": ""2026-06-11"", ""stage"": ""Group stage"", ""xhg"": ""1.897"", ""xag"": ""0.76""}"
uanalyse,south_korea_vs_czech_republic,South Korea,Czech Republic,,2026-06-12,0.427,0.2615,0.3116,,,,"{""snapshot"": ""2026-06-11"", ""stage"": ""Group stage"", ""xhg"": ""1.476"", ""xag"": ""1.016""}"
uanalyse,canada_vs_bosnia_and_herzegovina,Canada,Bosnia and Herzegovina,,2026-06-12,0.6356,0.2168,0.1475,,,,"{""snapshot"": ""2026-06-11"", ""stage"": ""Group stage"", ""xhg"": ""1.896"", ""xag"": ""0.832""}"
uanalyse,usa_vs_paraguay,USA,Paraguay,,2026-06-13,0.4143,0.2771,0.3086,,,,"{""snapshot"": ""2026-06-11"", ""stage"": ""Group stage"", ""xhg"": ""1.171"", ""xag"": ""1.294""}"
uanalyse,brazil_vs_morocco,Brazil,Morocco,,2026-06-13,0.4712,0.2681,0.2607,,,,"{""snapshot"": ""2026-06-11"", ""stage"": ""Group stage"", ""xhg"": ""1.416"", ""xag"": ""1.235""}"
uanalyse,qatar_vs_switzerland,Qatar,Switzerland,,2026-06-13,0.1063,0.1922,0.7015,,,,"{""snapshot"": ""2026-06-11"", ""stage"": ""Group stage"", ""xhg"": ""0.65"", ""xag"": ""2.305""}"
uanalyse,netherlands_vs_japan,Netherlands,Japan,,2026-06-14,0.3215,0.2842,0.3943,,,,"{""snapshot"": ""2026-06-11"", ""stage"": ""Group stage"", ""xhg"": ""1.18"", ""xag"": ""1.247""}"
uanalyse,germany_vs_curaao,Germany,Curaao,,2026-06-14,0.7695,0.1728,0.0577,,,,"{""snapshot"": ""2026-06-11"", ""stage"": ""Group stage"", ""xhg"": ""3.048"", ""xag"": ""0.818""}"
uanalyse,ivory_coast_vs_ecuador,Ivory Coast,Ecuador,,2026-06-14,0.1911,0.3104,0.4985,,,,"{""snapshot"": ""2026-06-11"", ""stage"": ""Group stage"", ""xhg"": ""0.853"", ""xag"": ""1.281""}"
uanalyse,haiti_vs_scotland,Haiti,Scotland,,2026-06-14,0.2969,0.2546,0.4485,,,,"{""snapshot"": ""2026-06-11"", ""stage"": ""Group stage"", ""xhg"": ""1.205"", ""xag"": ""1.655""}"
uanalyse,australia_vs_trkiye,Australia,Trkiye,,2026-06-14,0.2375,0.2721,0.4904,,,,"{""snapshot"": ""2026-06-11"", ""stage"": ""Group stage"", ""xhg"": ""1.182"", ""xag"": ""1.482""}"
uanalyse,sweden_vs_tunisia,Sweden,Tunisia,,2026-06-15,0.4074,0.2987,0.2938,,,,"{""snapshot"": ""2026-06-11"", ""stage"": ""Group stage"", ""xhg"": ""1.495"", ""xag"": ""1.242""}"
uanalyse,belgium_vs_egypt,Belgium,Egypt,,2026-06-15,0.507,0.3063,0.1867,,,,"{""snapshot"": ""2026-06-11"", ""stage"": ""Group stage"", ""xhg"": ""1.803"", ""xag"": ""0.914""}"
uanalyse,spain_vs_cape_verde,Spain,Cape Verde,,2026-06-15,0.7083,0.1583,0.1335,,,,"{""snapshot"": ""2026-06-11"", ""stage"": ""Group stage"", ""xhg"": ""2.549"", ""xag"": ""0.937""}"
uanalyse,saudi_arabia_vs_uruguay,Saudi Arabia,Uruguay,,2026-06-15,0.2076,0.2492,0.5432,,,,"{""snapshot"": ""2026-06-11"", ""stage"": ""Group stage"", ""xhg"": ""0.99"", ""xag"": ""1.398""}"
uanalyse,france_vs_senegal,France,Senegal,,2026-06-16,0.5449,0.2483,0.2068,,,,"{""snapshot"": ""2026-06-11"", ""stage"": ""Group stage"", ""xhg"": ""1.892"", ""xag"": ""1.068""}"
uanalyse,iran_vs_new_zealand,Iran,New Zealand,,2026-06-16,0.6171,0.2126,0.1703,,,,"{""snapshot"": ""2026-06-11"", ""stage"": ""Group stage"", ""xhg"": ""1.886"", ""xag"": ""0.859""}"
uanalyse,iraq_vs_norway,Iraq,Norway,,2026-06-16,0.1624,0.2492,0.5884,,,,"{""snapshot"": ""2026-06-11"", ""stage"": ""Group stage"", ""xhg"": ""0.863"", ""xag"": ""1.887""}"
uanalyse,england_vs_croatia,England,Croatia,,2026-06-17,0.5246,0.255,0.2203,,,,"{""snapshot"": ""2026-06-11"", ""stage"": ""Group stage"", ""xhg"": ""1.597"", ""xag"": ""1.065""}"
uanalyse,portugal_vs_congo_dr,Portugal,Congo DR,,2026-06-17,0.68,0.228,0.092,,,,"{""snapshot"": ""2026-06-11"", ""stage"": ""Group stage"", ""xhg"": ""2.167"", ""xag"": ""0.701""}"
uanalyse,austria_vs_jordan,Austria,Jordan,,2026-06-17,0.4317,0.3354,0.2329,,,,"{""snapshot"": ""2026-06-11"", ""stage"": ""Group stage"", ""xhg"": ""1.673"", ""xag"": ""1.102""}"
uanalyse,argentina_vs_algeria,Argentina,Algeria,,2026-06-17,0.6043,0.2377,0.158,,,,"{""snapshot"": ""2026-06-11"", ""stage"": ""Group stage"", ""xhg"": ""1.87"", ""xag"": ""0.848""}"
uanalyse,ghana_vs_panama,Ghana,Panama,,2026-06-17,0.2929,0.235,0.4721,,,,"{""snapshot"": ""2026-06-11"", ""stage"": ""Group stage"", ""xhg"": ""1.078"", ""xag"": ""1.569""}"
uanalyse,uzbekistan_vs_colombia,Uzbekistan,Colombia,,2026-06-18,0.1918,0.2267,0.5815,,,,"{""snapshot"": ""2026-06-11"", ""stage"": ""Group stage"", ""xhg"": ""0.959"", ""xag"": ""1.787""}"
uanalyse,czech_republic_vs_south_africa,Czech Republic,South Africa,,2026-06-18,0.4107,0.2877,0.3016,,,,"{""snapshot"": ""2026-06-11"", ""stage"": ""Group stage"", ""xhg"": ""1.525"", ""xag"": ""1.115""}"
uanalyse,switzerland_vs_bosnia_and_herzegovina,Switzerland,Bosnia and Herzegovina,,2026-06-18,0.6353,0.2116,0.153,,,,"{""snapshot"": ""2026-06-11"", ""stage"": ""Group stage"", ""xhg"": ""2.024"", ""xag"": ""0.969""}"
uanalyse,canada_vs_qatar,Canada,Qatar,,2026-06-18,0.7114,0.1621,0.1265,,,,"{""snapshot"": ""2026-06-11"", ""stage"": ""Group stage"", ""xhg"": ""2.017"", ""xag"": ""0.798""}"
uanalyse,mexico_vs_south_korea,Mexico,South Korea,,2026-06-19,0.4518,0.2669,0.2814,,,,"{""snapshot"": ""2026-06-11"", ""stage"": ""Group stage"", ""xhg"": ""1.317"", ""xag"": ""1.092""}"
uanalyse,usa_vs_australia,USA,Australia,,2026-06-19,0.5001,0.2277,0.2722,,,,"{""snapshot"": ""2026-06-11"", ""stage"": ""Group stage"", ""xhg"": ""1.361"", ""xag"": ""1.452""}"
uanalyse,scotland_vs_morocco,Scotland,Morocco,,2026-06-19,0.2244,0.2205,0.5551,,,,"{""snapshot"": ""2026-06-11"", ""stage"": ""Group stage"", ""xhg"": ""1.021"", ""xag"": ""1.894""}"
uanalyse,germany_vs_ivory_coast,Germany,Ivory Coast,,2026-06-20,0.5949,0.2427,0.1624,,,,"{""snapshot"": ""2026-06-11"", ""stage"": ""Group stage"", ""xhg"": ""1.82"", ""xag"": ""0.945""}"
uanalyse,trkiye_vs_paraguay,Trkiye,Paraguay,,2026-06-20,0.3735,0.3108,0.3157,,,,"{""snapshot"": ""2026-06-11"", ""stage"": ""Group stage"", ""xhg"": ""1.418"", ""xag"": ""1.172""}"
uanalyse,brazil_vs_haiti,Brazil,Haiti,,2026-06-20,0.7139,0.196,0.0901,,,,"{""snapshot"": ""2026-06-11"", ""stage"": ""Group stage"", ""xhg"": ""2.683"", ""xag"": ""0.745""}"
uanalyse,netherlands_vs_sweden,Netherlands,Sweden,,2026-06-20,0.5141,0.2598,0.2262,,,,"{""snapshot"": ""2026-06-11"", ""stage"": ""Group stage"", ""xhg"": ""1.932"", ""xag"": ""1.07""}"
uanalyse,spain_vs_saudi_arabia,Spain,Saudi Arabia,,2026-06-21,0.7042,0.145,0.1508,,,,"{""snapshot"": ""2026-06-11"", ""stage"": ""Group stage"", ""xhg"": ""2.468"", ""xag"": ""0.918""}"
uanalyse,belgium_vs_iran,Belgium,Iran,,2026-06-21,0.4546,0.2872,0.2582,,,,"{""snapshot"": ""2026-06-11"", ""stage"": ""Group stage"", ""xhg"": ""1.668"", ""xag"": ""1.097""}"
uanalyse,tunisia_vs_japan,Tunisia,Japan,,2026-06-21,0.1726,0.2453,0.5821,,,,"{""snapshot"": ""2026-06-11"", ""stage"": ""Group stage"", ""xhg"": ""0.727"", ""xag"": ""1.993""}"
uanalyse,uruguay_vs_cape_verde,Uruguay,Cape Verde,,2026-06-21,0.5832,0.2597,0.1571,,,,"{""snapshot"": ""2026-06-11"", ""stage"": ""Group stage"", ""xhg"": ""1.664"", ""xag"": ""0.9""}"
uanalyse,ecuador_vs_curaao,Ecuador,Curaao,,2026-06-21,0.7228,0.1981,0.0791,,,,"{""snapshot"": ""2026-06-11"", ""stage"": ""Group stage"", ""xhg"": ""2.493"", ""xag"": ""0.73""}"
uanalyse,new_zealand_vs_egypt,New Zealand,Egypt,,2026-06-22,0.2259,0.2549,0.5191,,,,"{""snapshot"": ""2026-06-11"", ""stage"": ""Group stage"", ""xhg"": ""0.99"", ""xag"": ""1.51""}"
uanalyse,argentina_vs_austria,Argentina,Austria,,2026-06-22,0.6343,0.2186,0.1471,,,,"{""snapshot"": ""2026-06-11"", ""stage"": ""Group stage"", ""xhg"": ""1.779"", ""xag"": ""0.911""}"
uanalyse,france_vs_iraq,France,Iraq,,2026-06-22,0.7147,0.1767,0.1087,,,,"{""snapshot"": ""2026-06-11"", ""stage"": ""Group stage"", ""xhg"": ""2.271"", ""xag"": ""0.72""}"
uanalyse,norway_vs_senegal,Norway,Senegal,,2026-06-23,0.3951,0.2546,0.3503,,,,"{""snapshot"": ""2026-06-11"", ""stage"": ""Group stage"", ""xhg"": ""1.706"", ""xag"": ""1.198""}"
uanalyse,jordan_vs_algeria,Jordan,Algeria,,2026-06-23,0.2347,0.3008,0.4645,,,,"{""snapshot"": ""2026-06-11"", ""stage"": ""Group stage"", ""xhg"": ""1.159"", ""xag"": ""1.62""}"
uanalyse,england_vs_ghana,England,Ghana,,2026-06-23,0.7145,0.1949,0.0906,,,,"{""snapshot"": ""2026-06-11"", ""stage"": ""Group stage"", ""xhg"": ""2.367"", ""xag"": ""0.575""}"
uanalyse,panama_vs_croatia,Panama,Croatia,,2026-06-23,0.1869,0.2581,0.555,,,,"{""snapshot"": ""2026-06-11"", ""stage"": ""Group stage"", ""xhg"": ""1.076"", ""xag"": ""1.782""}"
uanalyse,portugal_vs_uzbekistan,Portugal,Uzbekistan,,2026-06-23,0.6026,0.2467,0.1507,,,,"{""snapshot"": ""2026-06-11"", ""stage"": ""Group stage"", ""xhg"": ""2.087"", ""xag"": ""0.868""}"
uanalyse,scotland_vs_brazil,Scotland,Brazil,,2026-06-24,0.1187,0.2125,0.6688,,,,"{""snapshot"": ""2026-06-11"", ""stage"": ""Group stage"", ""xhg"": ""0.934"", ""xag"": ""2.2""}"
uanalyse,switzerland_vs_canada,Switzerland,Canada,,2026-06-24,0.297,0.2886,0.4144,,,,"{""snapshot"": ""2026-06-11"", ""stage"": ""Group stage"", ""xhg"": ""1.451"", ""xag"": ""1.167""}"
uanalyse,morocco_vs_haiti,Morocco,Haiti,,2026-06-24,0.5966,0.2379,0.1655,,,,"{""snapshot"": ""2026-06-11"", ""stage"": ""Group stage"", ""xhg"": ""2.2"", ""xag"": ""0.934""}"
uanalyse,bosnia_and_herzegovina_vs_qatar,Bosnia and Herzegovina,Qatar,,2026-06-24,0.5057,0.2197,0.2746,,,,"{""snapshot"": ""2026-06-11"", ""stage"": ""Group stage"", ""xhg"": ""1.524"", ""xag"": ""1.096""}"
uanalyse,colombia_vs_congo_dr,Colombia,Congo DR,,2026-06-24,0.6513,0.2101,0.1387,,,,"{""snapshot"": ""2026-06-11"", ""stage"": ""Group stage"", ""xhg"": ""1.878"", ""xag"": ""0.777""}"
uanalyse,curaao_vs_ivory_coast,Curaao,Ivory Coast,,2026-06-25,0.1535,0.2156,0.631,,,,"{""snapshot"": ""2026-06-11"", ""stage"": ""Group stage"", ""xhg"": ""0.784"", ""xag"": ""2.151""}"
uanalyse,japan_vs_sweden,Japan,Sweden,,2026-06-25,0.5402,0.2469,0.2129,,,,"{""snapshot"": ""2026-06-11"", ""stage"": ""Group stage"", ""xhg"": ""2.021"", ""xag"": ""0.998""}"
uanalyse,tunisia_vs_netherlands,Tunisia,Netherlands,,2026-06-25,0.1607,0.2469,0.5924,,,,"{""snapshot"": ""2026-06-11"", ""stage"": ""Group stage"", ""xhg"": ""0.9"", ""xag"": ""1.918""}"
uanalyse,ecuador_vs_germany,Ecuador,Germany,,2026-06-25,0.2437,0.2796,0.4767,,,,"{""snapshot"": ""2026-06-11"", ""stage"": ""Group stage"", ""xhg"": ""1.124"", ""xag"": ""1.599""}"
uanalyse,czech_republic_vs_mexico,Czech Republic,Mexico,,2026-06-25,0.1955,0.2215,0.5831,,,,"{""snapshot"": ""2026-06-11"", ""stage"": ""Group stage"", ""xhg"": ""0.927"", ""xag"": ""1.688""}"
uanalyse,south_africa_vs_south_korea,South Africa,South Korea,,2026-06-25,0.3067,0.2591,0.4342,,,,"{""snapshot"": ""2026-06-11"", ""stage"": ""Group stage"", ""xhg"": ""1.036"", ""xag"": ""1.661""}"
uanalyse,trkiye_vs_usa,Trkiye,USA,,2026-06-26,0.3899,0.27,0.3401,,,,"{""snapshot"": ""2026-06-11"", ""stage"": ""Group stage"", ""xhg"": ""1.808"", ""xag"": ""1.22""}"
uanalyse,senegal_vs_iraq,Senegal,Iraq,,2026-06-26,0.5417,0.28,0.1782,,,,"{""snapshot"": ""2026-06-11"", ""stage"": ""Group stage"", ""xhg"": ""1.478"", ""xag"": ""0.994""}"
uanalyse,norway_vs_france,Norway,France,,2026-06-26,0.251,0.2088,0.5403,,,,"{""snapshot"": ""2026-06-11"", ""stage"": ""Group stage"", ""xhg"": ""1.171"", ""xag"": ""1.732""}"
uanalyse,paraguay_vs_australia,Paraguay,Australia,,2026-06-26,0.4349,0.245,0.3201,,,,"{""snapshot"": ""2026-06-11"", ""stage"": ""Group stage"", ""xhg"": ""1.085"", ""xag"": ""1.182""}"
uanalyse,colombia_vs_portugal,Colombia,Portugal,,2026-06-27,0.4058,0.2423,0.3519,,,,"{""snapshot"": ""2026-06-11"", ""stage"": ""Group stage"", ""xhg"": ""1.216"", ""xag"": ""1.413""}"
uanalyse,congo_dr_vs_uzbekistan,Congo DR,Uzbekistan,,2026-06-27,0.2738,0.261,0.4652,,,,"{""snapshot"": ""2026-06-11"", ""stage"": ""Group stage"", ""xhg"": ""1.057"", ""xag"": ""1.313""}"
uanalyse,croatia_vs_ghana,Croatia,Ghana,,2026-06-27,0.5972,0.2452,0.1575,,,,"{""snapshot"": ""2026-06-11"", ""stage"": ""Group stage"", ""xhg"": ""2.049"", ""xag"": ""0.792""}"
uanalyse,panama_vs_england,Panama,England,,2026-06-27,0.0901,0.2287,0.6812,,,,"{""snapshot"": ""2026-06-11"", ""stage"": ""Group stage"", ""xhg"": ""0.799"", ""xag"": ""2.173""}"
uanalyse,cape_verde_vs_saudi_arabia,Cape Verde,Saudi Arabia,,2026-06-27,0.2937,0.2942,0.4121,,,,"{""snapshot"": ""2026-06-11"", ""stage"": ""Group stage"", ""xhg"": ""1.144"", ""xag"": ""1.36""}"
uanalyse,new_zealand_vs_belgium,New Zealand,Belgium,,2026-06-27,0.0887,0.1569,0.7544,,,,"{""snapshot"": ""2026-06-11"", ""stage"": ""Group stage"", ""xhg"": ""0.724"", ""xag"": ""2.774""}"
uanalyse,egypt_vs_iran,Egypt,Iran,,2026-06-27,0.2402,0.2814,0.4784,,,,"{""snapshot"": ""2026-06-11"", ""stage"": ""Group stage"", ""xhg"": ""0.892"", ""xag"": ""1.339""}"
uanalyse,uruguay_vs_spain,Uruguay,Spain,,2026-06-27,0.218,0.2,0.582,,,,"{""snapshot"": ""2026-06-11"", ""stage"": ""Group stage"", ""xhg"": ""0.872"", ""xag"": ""1.66""}"
uanalyse,jordan_vs_argentina,Jordan,Argentina,,2026-06-28,0.1251,0.2269,0.648,,,,"{""snapshot"": ""2026-06-11"", ""stage"": ""Group stage"", ""xhg"": ""0.799"", ""xag"": ""2.327""}"
uanalyse,algeria_vs_austria,Algeria,Austria,,2026-06-28,0.3845,0.3336,0.2819,,,,"{""snapshot"": ""2026-06-11"", ""stage"": ""Group stage"", ""xhg"": ""1.226"", ""xag"": ""1.28""}"
worldcup-predictor,south_korea_vs_czech_republic,South Korea,Czech Republic,,2026-06-11,0.315743,0.314795,0.369462,,,,"{""elo_h"": ""1881"", ""elo_a"": ""1806"", ""neutral"": ""True"", ""city"": ""Zapopan"", ""pick"": ""\u5ba2\u80dc / Away""}"
worldcup-predictor,mexico_vs_south_africa,Mexico,South Africa,,2026-06-11,0.754899,0.174768,0.070333,,,,"{""elo_h"": ""1985"", ""elo_a"": ""1664"", ""neutral"": ""False"", ""city"": ""Mexico City"", ""pick"": ""\u4e3b\u80dc / Home""}"
worldcup-predictor,canada_vs_bosnia_and_herzegovina,Canada,Bosnia and Herzegovina,,2026-06-12,0.585403,0.259941,0.154656,,,,"{""elo_h"": ""1902"", ""elo_a"": ""1653"", ""neutral"": ""False"", ""city"": ""Toronto"", ""pick"": ""\u4e3b\u80dc / Home""}"
worldcup-predictor,usa_vs_paraguay,USA,Paraguay,,2026-06-12,0.234428,0.299684,0.465888,,,,"{""elo_h"": ""1828"", ""elo_a"": ""1918"", ""neutral"": ""False"", ""city"": ""Inglewood"", ""pick"": ""\u5ba2\u80dc / Away""}"
worldcup-predictor,qatar_vs_switzerland,Qatar,Switzerland,,2026-06-13,0.0358,0.11109,0.85311,,,,"{""elo_h"": ""1566"", ""elo_a"": ""1952"", ""neutral"": ""True"", ""city"": ""Santa Clara"", ""pick"": ""\u5ba2\u80dc / Away""}"
worldcup-predictor,brazil_vs_morocco,Brazil,Morocco,,2026-06-13,0.518194,0.284109,0.197697,,,,"{""elo_h"": ""2069"", ""elo_a"": ""1985"", ""neutral"": ""True"", ""city"": ""East Rutherford"", ""pick"": ""\u4e3b\u80dc / Home""}"
worldcup-predictor,haiti_vs_scotland,Haiti,Scotland,,2026-06-13,0.108256,0.218828,0.672916,,,,"{""elo_h"": ""1716"", ""elo_a"": ""1852"", ""neutral"": ""True"", ""city"": ""Foxborough"", ""pick"": ""\u5ba2\u80dc / Away""}"
worldcup-predictor,australia_vs_turkey,Australia,Turkey,,2026-06-13,0.1778,0.273589,0.548611,,,,"{""elo_h"": ""1900"", ""elo_a"": ""1975"", ""neutral"": ""True"", ""city"": ""Vancouver"", ""pick"": ""\u5ba2\u80dc / Away""}"
worldcup-predictor,sweden_vs_tunisia,Sweden,Tunisia,,2026-06-14,0.495724,0.290927,0.213348,,,,"{""elo_h"": ""1775"", ""elo_a"": ""1738"", ""neutral"": ""True"", ""city"": ""Guadalupe"", ""pick"": ""\u4e3b\u80dc / Home""}"
worldcup-predictor,netherlands_vs_japan,Netherlands,Japan,,2026-06-14,0.489644,0.292621,0.217734,,,,"{""elo_h"": ""2009"", ""elo_a"": ""1993"", ""neutral"": ""True"", ""city"": ""Arlington"", ""pick"": ""\u4e3b\u80dc / Home""}"
worldcup-predictor,germany_vs_curaao,Germany,Curaao,,2026-06-14,0.882528,0.092293,0.025179,,,,"{""elo_h"": ""2000"", ""elo_a"": ""1611"", ""neutral"": ""True"", ""city"": ""Houston"", ""pick"": ""\u4e3b\u80dc / Home""}"
worldcup-predictor,ivory_coast_vs_ecuador,Ivory Coast,Ecuador,,2026-06-14,0.114132,0.222729,0.663139,,,,"{""elo_h"": ""1815"", ""elo_a"": ""2028"", ""neutral"": ""True"", ""city"": ""Philadelphia"", ""pick"": ""\u5ba2\u80dc / Away""}"
worldcup-predictor,belgium_vs_egypt,Belgium,Egypt,,2026-06-15,0.612134,0.247985,0.139881,,,,"{""elo_h"": ""1945"", ""elo_a"": ""1810"", ""neutral"": ""True"", ""city"": ""Seattle"", ""pick"": ""\u4e3b\u80dc / Home""}"
worldcup-predictor,iran_vs_new_zealand,Iran,New Zealand,,2026-06-15,0.717637,0.195517,0.086846,,,,"{""elo_h"": ""1895"", ""elo_a"": ""1719"", ""neutral"": ""True"", ""city"": ""Inglewood"", ""pick"": ""\u4e3b\u80dc / Home""}"
worldcup-predictor,spain_vs_cape_verde,Spain,Cape Verde,,2026-06-15,0.931478,0.056515,0.012008,,,,"{""elo_h"": ""2226"", ""elo_a"": ""1654"", ""neutral"": ""True"", ""city"": ""Atlanta"", ""pick"": ""\u4e3b\u80dc / Home""}"
worldcup-predictor,saudi_arabia_vs_uruguay,Saudi Arabia,Uruguay,,2026-06-15,0.074367,0.175856,0.749777,,,,"{""elo_h"": ""1694"", ""elo_a"": ""1976"", ""neutral"": ""True"", ""city"": ""Miami Gardens"", ""pick"": ""\u5ba2\u80dc / Away""}"
worldcup-predictor,iraq_vs_norway,Iraq,Norway,,2026-06-16,0.077668,0.181098,0.741234,,,,"{""elo_h"": ""1738"", ""elo_a"": ""1984"", ""neutral"": ""True"", ""city"": ""Foxborough"", ""pick"": ""\u5ba2\u80dc / Away""}"
worldcup-predictor,france_vs_senegal,France,Senegal,,2026-06-16,0.701376,0.204431,0.094193,,,,"{""elo_h"": ""2129"", ""elo_a"": ""1913"", ""neutral"": ""True"", ""city"": ""East Rutherford"", ""pick"": ""\u4e3b\u80dc / Home""}"
worldcup-predictor,argentina_vs_algeria,Argentina,Algeria,,2026-06-16,0.760555,0.171235,0.06821,,,,"{""elo_h"": ""2190"", ""elo_a"": ""1885"", ""neutral"": ""True"", ""city"": ""Kansas City"", ""pick"": ""\u4e3b\u80dc / Home""}"
worldcup-predictor,austria_vs_jordan,Austria,Jordan,,2026-06-16,0.602664,0.252064,0.145272,,,,"{""elo_h"": ""1885"", ""elo_a"": ""1775"", ""neutral"": ""True"", ""city"": ""Santa Clara"", ""pick"": ""\u4e3b\u80dc / Home""}"
worldcup-predictor,portugal_vs_dr_congo,Portugal,DR Congo,,2026-06-17,0.777202,0.161243,0.061555,,,,"{""elo_h"": ""2060"", ""elo_a"": ""1764"", ""neutral"": ""True"", ""city"": ""Houston"", ""pick"": ""\u4e3b\u80dc / Home""}"
worldcup-predictor,uzbekistan_vs_colombia,Uzbekistan,Colombia,,2026-06-17,0.090274,0.196669,0.713057,,,,"{""elo_h"": ""1820"", ""elo_a"": ""2064"", ""neutral"": ""True"", ""city"": ""Mexico City"", ""pick"": ""\u5ba2\u80dc / Away""}"
worldcup-predictor,england_vs_croatia,England,Croatia,,2026-06-17,0.490575,0.292644,0.216782,,,,"{""elo_h"": ""2095"", ""elo_a"": ""1974"", ""neutral"": ""True"", ""city"": ""Arlington"", ""pick"": ""\u4e3b\u80dc / Home""}"
worldcup-predictor,ghana_vs_panama,Ghana,Panama,,2026-06-17,0.179703,0.270803,0.549494,,,,"{""elo_h"": ""1626"", ""elo_a"": ""1859"", ""neutral"": ""True"", ""city"": ""Toronto"", ""pick"": ""\u5ba2\u80dc / Away""}"
worldcup-predictor,czech_republic_vs_south_africa,Czech Republic,South Africa,,2026-06-18,0.621566,0.243782,0.134652,,,,"{""elo_h"": ""1806"", ""elo_a"": ""1664"", ""neutral"": ""True"", ""city"": ""Atlanta"", ""pick"": ""\u4e3b\u80dc / Home""}"
worldcup-predictor,mexico_vs_south_korea,Mexico,South Korea,,2026-06-18,0.536102,0.278383,0.185514,,,,"{""elo_h"": ""1985"", ""elo_a"": ""1881"", ""neutral"": ""False"", ""city"": ""Zapopan"", ""pick"": ""\u4e3b\u80dc / Home""}"
worldcup-predictor,switzerland_vs_bosnia_and_herzegovina,Switzerland,Bosnia and Herzegovina,,2026-06-18,0.696454,0.207228,0.096317,,,,"{""elo_h"": ""1952"", ""elo_a"": ""1653"", ""neutral"": ""True"", ""city"": ""Inglewood"", ""pick"": ""\u4e3b\u80dc / Home""}"
worldcup-predictor,canada_vs_qatar,Canada,Qatar,,2026-06-18,0.782683,0.158124,0.059193,,,,"{""elo_h"": ""1902"", ""elo_a"": ""1566"", ""neutral"": ""False"", ""city"": ""Vancouver"", ""pick"": ""\u4e3b\u80dc / Home""}"
worldcup-predictor,brazil_vs_haiti,Brazil,Haiti,,2026-06-19,0.845352,0.117828,0.03682,,,,"{""elo_h"": ""2069"", ""elo_a"": ""1716"", ""neutral"": ""True"", ""city"": ""Philadelphia"", ""pick"": ""\u4e3b\u80dc / Home""}"
worldcup-predictor,turkey_vs_paraguay,Turkey,Paraguay,,2026-06-19,0.446233,0.30357,0.250197,,,,"{""elo_h"": ""1975"", ""elo_a"": ""1918"", ""neutral"": ""True"", ""city"": ""Santa Clara"", ""pick"": ""\u4e3b\u80dc / Home""}"
worldcup-predictor,usa_vs_australia,USA,Australia,,2026-06-19,0.328281,0.315256,0.356463,,,,"{""elo_h"": ""1828"", ""elo_a"": ""1900"", ""neutral"": ""False"", ""city"": ""Seattle"", ""pick"": ""\u5ba2\u80dc / Away""}"
worldcup-predictor,scotland_vs_morocco,Scotland,Morocco,,2026-06-19,0.295776,0.3101,0.394124,,,,"{""elo_h"": ""1852"", ""elo_a"": ""1985"", ""neutral"": ""True"", ""city"": ""Foxborough"", ""pick"": ""\u5ba2\u80dc / Away""}"
worldcup-predictor,netherlands_vs_sweden,Netherlands,Sweden,,2026-06-20,0.625609,0.242161,0.13223,,,,"{""elo_h"": ""2009"", ""elo_a"": ""1775"", ""neutral"": ""True"", ""city"": ""Houston"", ""pick"": ""\u4e3b\u80dc / Home""}"
worldcup-predictor,tunisia_vs_japan,Tunisia,Japan,,2026-06-20,0.132944,0.238329,0.628727,,,,"{""elo_h"": ""1738"", ""elo_a"": ""1993"", ""neutral"": ""True"", ""city"": ""Guadalupe"", ""pick"": ""\u5ba2\u80dc / Away""}"
worldcup-predictor,germany_vs_ivory_coast,Germany,Ivory Coast,,2026-06-20,0.669393,0.220987,0.109619,,,,"{""elo_h"": ""2000"", ""elo_a"": ""1815"", ""neutral"": ""True"", ""city"": ""Toronto"", ""pick"": ""\u4e3b\u80dc / Home""}"
worldcup-predictor,ecuador_vs_curaao,Ecuador,Curaao,,2026-06-20,0.882328,0.092458,0.025214,,,,"{""elo_h"": ""2028"", ""elo_a"": ""1611"", ""neutral"": ""True"", ""city"": ""Kansas City"", ""pick"": ""\u4e3b\u80dc / Home""}"
worldcup-predictor,belgium_vs_iran,Belgium,Iran,,2026-06-21,0.530648,0.279861,0.189492,,,,"{""elo_h"": ""1945"", ""elo_a"": ""1895"", ""neutral"": ""True"", ""city"": ""Inglewood"", ""pick"": ""\u4e3b\u80dc / Home""}"
worldcup-predictor,new_zealand_vs_egypt,New Zealand,Egypt,,2026-06-21,0.128597,0.238741,0.632663,,,,"{""elo_h"": ""1719"", ""elo_a"": ""1810"", ""neutral"": ""True"", ""city"": ""Vancouver"", ""pick"": ""\u5ba2\u80dc / Away""}"
worldcup-predictor,spain_vs_saudi_arabia,Spain,Saudi Arabia,,2026-06-21,0.923523,0.06252,0.013957,,,,"{""elo_h"": ""2226"", ""elo_a"": ""1694"", ""neutral"": ""True"", ""city"": ""Atlanta"", ""pick"": ""\u4e3b\u80dc / Home""}"
worldcup-predictor,uruguay_vs_cape_verde,Uruguay,Cape Verde,,2026-06-21,0.775069,0.162577,0.062353,,,,"{""elo_h"": ""1976"", ""elo_a"": ""1654"", ""neutral"": ""True"", ""city"": ""Miami Gardens"", ""pick"": ""\u4e3b\u80dc / Home""}"
worldcup-predictor,jordan_vs_algeria,Jordan,Algeria,,2026-06-22,0.219581,0.292321,0.488098,,,,"{""elo_h"": ""1775"", ""elo_a"": ""1885"", ""neutral"": ""True"", ""city"": ""Santa Clara"", ""pick"": ""\u5ba2\u80dc / Away""}"
worldcup-predictor,argentina_vs_austria,Argentina,Austria,,2026-06-22,0.672977,0.219439,0.107585,,,,"{""elo_h"": ""2190"", ""elo_a"": ""1885"", ""neutral"": ""True"", ""city"": ""Arlington"", ""pick"": ""\u4e3b\u80dc / Home""}"
worldcup-predictor,norway_vs_senegal,Norway,Senegal,,2026-06-22,0.535807,0.278132,0.18606,,,,"{""elo_h"": ""1984"", ""elo_a"": ""1913"", ""neutral"": ""True"", ""city"": ""East Rutherford"", ""pick"": ""\u4e3b\u80dc / Home""}"
worldcup-predictor,france_vs_iraq,France,Iraq,,2026-06-22,0.858101,0.109251,0.032648,,,,"{""elo_h"": ""2129"", ""elo_a"": ""1738"", ""neutral"": ""True"", ""city"": ""Philadelphia"", ""pick"": ""\u4e3b\u80dc / Home""}"
worldcup-predictor,portugal_vs_uzbekistan,Portugal,Uzbekistan,,2026-06-23,0.741733,0.182088,0.076179,,,,"{""elo_h"": ""2060"", ""elo_a"": ""1820"", ""neutral"": ""True"", ""city"": ""Houston"", ""pick"": ""\u4e3b\u80dc / Home""}"
worldcup-predictor,colombia_vs_dr_congo,Colombia,DR Congo,,2026-06-23,0.755859,0.173994,0.070147,,,,"{""elo_h"": ""2064"", ""elo_a"": ""1764"", ""neutral"": ""True"", ""city"": ""Zapopan"", ""pick"": ""\u4e3b\u80dc / Home""}"
worldcup-predictor,england_vs_ghana,England,Ghana,,2026-06-23,0.890956,0.086366,0.022677,,,,"{""elo_h"": ""2095"", ""elo_a"": ""1626"", ""neutral"": ""True"", ""city"": ""Foxborough"", ""pick"": ""\u4e3b\u80dc / Home""}"
worldcup-predictor,panama_vs_croatia,Panama,Croatia,,2026-06-23,0.120551,0.231127,0.648322,,,,"{""elo_h"": ""1859"", ""elo_a"": ""1974"", ""neutral"": ""True"", ""city"": ""Toronto"", ""pick"": ""\u5ba2\u80dc / Away""}"
worldcup-predictor,morocco_vs_haiti,Morocco,Haiti,,2026-06-24,0.729175,0.189277,0.081548,,,,"{""elo_h"": ""1985"", ""elo_a"": ""1716"", ""neutral"": ""True"", ""city"": ""Atlanta"", ""pick"": ""\u4e3b\u80dc / Home""}"
worldcup-predictor,canada_vs_switzerland,Canada,Switzerland,,2026-06-24,0.246354,0.303336,0.45031,,,,"{""elo_h"": ""1902"", ""elo_a"": ""1952"", ""neutral"": ""False"", ""city"": ""Vancouver"", ""pick"": ""\u5ba2\u80dc / Away""}"
worldcup-predictor,bosnia_and_herzegovina_vs_qatar,Bosnia and Herzegovina,Qatar,,2026-06-24,0.575603,0.26326,0.161137,,,,"{""elo_h"": ""1653"", ""elo_a"": ""1566"", ""neutral"": ""True"", ""city"": ""Seattle"", ""pick"": ""\u4e3b\u80dc / Home""}"
worldcup-predictor,mexico_vs_czech_republic,Mexico,Czech Republic,,2026-06-24,0.499915,0.290332,0.209754,,,,"{""elo_h"": ""1985"", ""elo_a"": ""1806"", ""neutral"": ""False"", ""city"": ""Mexico City"", ""pick"": ""\u4e3b\u80dc / Home""}"
worldcup-predictor,scotland_vs_brazil,Scotland,Brazil,,2026-06-24,0.167174,0.2639,0.568926,,,,"{""elo_h"": ""1852"", ""elo_a"": ""2069"", ""neutral"": ""True"", ""city"": ""Miami Gardens"", ""pick"": ""\u5ba2\u80dc / Away""}"
worldcup-predictor,south_africa_vs_south_korea,South Africa,South Korea,,2026-06-24,0.158724,0.258479,0.582798,,,,"{""elo_h"": ""1664"", ""elo_a"": ""1881"", ""neutral"": ""True"", ""city"": ""Guadalupe"", ""pick"": ""\u5ba2\u80dc / Away""}"
worldcup-predictor,tunisia_vs_netherlands,Tunisia,Netherlands,,2026-06-25,0.07385,0.175421,0.750728,,,,"{""elo_h"": ""1738"", ""elo_a"": ""2009"", ""neutral"": ""True"", ""city"": ""Kansas City"", ""pick"": ""\u5ba2\u80dc / Away""}"
worldcup-predictor,japan_vs_sweden,Japan,Sweden,,2026-06-25,0.482147,0.295253,0.2226,,,,"{""elo_h"": ""1993"", ""elo_a"": ""1775"", ""neutral"": ""True"", ""city"": ""Arlington"", ""pick"": ""\u4e3b\u80dc / Home""}"
worldcup-predictor,ecuador_vs_germany,Ecuador,Germany,,2026-06-25,0.347836,0.315385,0.336778,,,,"{""elo_h"": ""2028"", ""elo_a"": ""2000"", ""neutral"": ""True"", ""city"": ""East Rutherford"", ""pick"": ""\u4e3b\u80dc / Home""}"
worldcup-predictor,usa_vs_turkey,USA,Turkey,,2026-06-25,0.165135,0.266605,0.56826,,,,"{""elo_h"": ""1828"", ""elo_a"": ""1975"", ""neutral"": ""False"", ""city"": ""Inglewood"", ""pick"": ""\u5ba2\u80dc / Away""}"
worldcup-predictor,paraguay_vs_australia,Paraguay,Australia,,2026-06-25,0.458154,0.300792,0.241054,,,,"{""elo_h"": ""1918"", ""elo_a"": ""1900"", ""neutral"": ""True"", ""city"": ""Santa Clara"", ""pick"": ""\u4e3b\u80dc / Home""}"
worldcup-predictor,curaao_vs_ivory_coast,Curaao,Ivory Coast,,2026-06-25,0.118074,0.226685,0.65524,,,,"{""elo_h"": ""1611"", ""elo_a"": ""1815"", ""neutral"": ""True"", ""city"": ""Philadelphia"", ""pick"": ""\u5ba2\u80dc / Away""}"
worldcup-predictor,senegal_vs_iraq,Senegal,Iraq,,2026-06-26,0.576466,0.263142,0.160392,,,,"{""elo_h"": ""1913"", ""elo_a"": ""1738"", ""neutral"": ""True"", ""city"": ""Toronto"", ""pick"": ""\u4e3b\u80dc / Home""}"
worldcup-predictor,new_zealand_vs_belgium,New Zealand,Belgium,,2026-06-26,0.040386,0.123209,0.836405,,,,"{""elo_h"": ""1719"", ""elo_a"": ""1945"", ""neutral"": ""True"", ""city"": ""Vancouver"", ""pick"": ""\u5ba2\u80dc / Away""}"
worldcup-predictor,egypt_vs_iran,Egypt,Iran,,2026-06-26,0.27353,0.307798,0.418672,,,,"{""elo_h"": ""1810"", ""elo_a"": ""1895"", ""neutral"": ""True"", ""city"": ""Seattle"", ""pick"": ""\u5ba2\u80dc / Away""}"
worldcup-predictor,cape_verde_vs_saudi_arabia,Cape Verde,Saudi Arabia,,2026-06-26,0.320595,0.314129,0.365276,,,,"{""elo_h"": ""1654"", ""elo_a"": ""1694"", ""neutral"": ""True"", ""city"": ""Houston"", ""pick"": ""\u5ba2\u80dc / Away""}"
worldcup-predictor,uruguay_vs_spain,Uruguay,Spain,,2026-06-26,0.110835,0.218568,0.670597,,,,"{""elo_h"": ""1976"", ""elo_a"": ""2226"", ""neutral"": ""True"", ""city"": ""Zapopan"", ""pick"": ""\u5ba2\u80dc / Away""}"
worldcup-predictor,norway_vs_france,Norway,France,,2026-06-26,0.202143,0.284296,0.51356,,,,"{""elo_h"": ""1984"", ""elo_a"": ""2129"", ""neutral"": ""True"", ""city"": ""Foxborough"", ""pick"": ""\u5ba2\u80dc / Away""}"
worldcup-predictor,jordan_vs_argentina,Jordan,Argentina,,2026-06-27,0.035477,0.109856,0.854667,,,,"{""elo_h"": ""1775"", ""elo_a"": ""2190"", ""neutral"": ""True"", ""city"": ""Arlington"", ""pick"": ""\u5ba2\u80dc / Away""}"
worldcup-predictor,dr_congo_vs_uzbekistan,DR Congo,Uzbekistan,,2026-06-27,0.303739,0.3126,0.383661,,,,"{""elo_h"": ""1764"", ""elo_a"": ""1820"", ""neutral"": ""True"", ""city"": ""Atlanta"", ""pick"": ""\u5ba2\u80dc / Away""}"
worldcup-predictor,colombia_vs_portugal,Colombia,Portugal,,2026-06-27,0.321698,0.314933,0.363368,,,,"{""elo_h"": ""2064"", ""elo_a"": ""2060"", ""neutral"": ""True"", ""city"": ""Miami Gardens"", ""pick"": ""\u5ba2\u80dc / Away""}"
worldcup-predictor,panama_vs_england,Panama,England,,2026-06-27,0.064891,0.163733,0.771376,,,,"{""elo_h"": ""1859"", ""elo_a"": ""2095"", ""neutral"": ""True"", ""city"": ""East Rutherford"", ""pick"": ""\u5ba2\u80dc / Away""}"
worldcup-predictor,algeria_vs_austria,Algeria,Austria,,2026-06-27,0.256597,0.305828,0.437575,,,,"{""elo_h"": ""1885"", ""elo_a"": ""1885"", ""neutral"": ""True"", ""city"": ""Kansas City"", ""pick"": ""\u5ba2\u80dc / Away""}"
worldcup-predictor,croatia_vs_ghana,Croatia,Ghana,,2026-06-27,0.818126,0.135713,0.046161,,,,"{""elo_h"": ""1974"", ""elo_a"": ""1626"", ""neutral"": ""True"", ""city"": ""Philadelphia"", ""pick"": ""\u4e3b\u80dc / Home""}"
polymarket,mexico_vs_south_africa,Mexico,South Africa,,2026-04-06,0.695,0.205,0.105,,,,"{""slug"": ""fifwc-mex-rsa-2026-06-11"", ""n_markets"": 3}"
polymarket,south_korea_vs_czech_republic,South Korea,Czech Republic,,2026-04-06,0.365,0.315,0.325,,,,"{""slug"": ""fifwc-kr-cze-2026-06-11"", ""n_markets"": 3}"
polymarket,canada_vs_bosnia_and_herzegovina,Canada,Bosnia and Herzegovina,,2026-04-06,0.525,0.265,0.205,,,,"{""slug"": ""fifwc-can-bih-2026-06-12"", ""n_markets"": 3}"
polymarket,germany_vs_curaao,Germany,Curaao,,2026-04-06,0.9345,0.044,0.0235,,,,"{""slug"": ""fifwc-ger-kor-2026-06-14"", ""n_markets"": 3}"
polymarket,usa_vs_paraguay,USA,Paraguay,,2026-04-06,0.495,0.275,0.225,,,,"{""slug"": ""fifwc-usa-par-2026-06-12"", ""n_markets"": 3}"
polymarket,netherlands_vs_japan,Netherlands,Japan,,2026-04-06,0.465,0.275,0.255,,,,"{""slug"": ""fifwc-nld-jpn-2026-06-14"", ""n_markets"": 3}"
openfootball,mexico_vs_south_africa,Mexico,South Africa,A,2026-06-11,,,,,,,"{""round"": ""Matchday 1"", ""time"": ""13:00 UTC-6"", ""ground"": ""Mexico City""}"
openfootball,south_korea_vs_czech_republic,South Korea,Czech Republic,A,2026-06-11,,,,,,,"{""round"": ""Matchday 1"", ""time"": ""20:00 UTC-6"", ""ground"": ""Guadalajara (Zapopan)""}"
openfootball,czech_republic_vs_south_africa,Czech Republic,South Africa,A,2026-06-18,,,,,,,"{""round"": ""Matchday 8"", ""time"": ""12:00 UTC-4"", ""ground"": ""Atlanta""}"
openfootball,mexico_vs_south_korea,Mexico,South Korea,A,2026-06-18,,,,,,,"{""round"": ""Matchday 8"", ""time"": ""19:00 UTC-6"", ""ground"": ""Guadalajara (Zapopan)""}"
openfootball,czech_republic_vs_mexico,Czech Republic,Mexico,A,2026-06-24,,,,,,,"{""round"": ""Matchday 14"", ""time"": ""19:00 UTC-6"", ""ground"": ""Mexico City""}"
openfootball,south_africa_vs_south_korea,South Africa,South Korea,A,2026-06-24,,,,,,,"{""round"": ""Matchday 14"", ""time"": ""19:00 UTC-6"", ""ground"": ""Monterrey (Guadalupe)""}"
openfootball,canada_vs_bosnia_herzegovina,Canada,Bosnia & Herzegovina,B,2026-06-12,,,,,,,"{""round"": ""Matchday 2"", ""time"": ""15:00 UTC-4"", ""ground"": ""Toronto""}"
openfootball,qatar_vs_switzerland,Qatar,Switzerland,B,2026-06-13,,,,,,,"{""round"": ""Matchday 3"", ""time"": ""12:00 UTC-7"", ""ground"": ""San Francisco Bay Area (Santa Clara)""}"
openfootball,switzerland_vs_bosnia_herzegovina,Switzerland,Bosnia & Herzegovina,B,2026-06-18,,,,,,,"{""round"": ""Matchday 8"", ""time"": ""12:00 UTC-7"", ""ground"": ""Los Angeles (Inglewood)""}"
openfootball,canada_vs_qatar,Canada,Qatar,B,2026-06-18,,,,,,,"{""round"": ""Matchday 8"", ""time"": ""15:00 UTC-7"", ""ground"": ""Vancouver""}"
openfootball,switzerland_vs_canada,Switzerland,Canada,B,2026-06-24,,,,,,,"{""round"": ""Matchday 14"", ""time"": ""12:00 UTC-7"", ""ground"": ""Vancouver""}"
openfootball,bosnia_herzegovina_vs_qatar,Bosnia & Herzegovina,Qatar,B,2026-06-24,,,,,,,"{""round"": ""Matchday 14"", ""time"": ""12:00 UTC-7"", ""ground"": ""Seattle""}"
openfootball,brazil_vs_morocco,Brazil,Morocco,C,2026-06-13,,,,,,,"{""round"": ""Matchday 3"", ""time"": ""18:00 UTC-4"", ""ground"": ""New York/New Jersey (East Rutherford)""}"
openfootball,haiti_vs_scotland,Haiti,Scotland,C,2026-06-13,,,,,,,"{""round"": ""Matchday 3"", ""time"": ""21:00 UTC-4"", ""ground"": ""Boston (Foxborough)""}"
openfootball,scotland_vs_morocco,Scotland,Morocco,C,2026-06-19,,,,,,,"{""round"": ""Matchday 9"", ""time"": ""18:00 UTC-4"", ""ground"": ""Boston (Foxborough)""}"
openfootball,brazil_vs_haiti,Brazil,Haiti,C,2026-06-19,,,,,,,"{""round"": ""Matchday 9"", ""time"": ""20:30 UTC-4"", ""ground"": ""Philadelphia""}"
openfootball,scotland_vs_brazil,Scotland,Brazil,C,2026-06-24,,,,,,,"{""round"": ""Matchday 14"", ""time"": ""18:00 UTC-4"", ""ground"": ""Miami (Miami Gardens)""}"
openfootball,morocco_vs_haiti,Morocco,Haiti,C,2026-06-24,,,,,,,"{""round"": ""Matchday 14"", ""time"": ""18:00 UTC-4"", ""ground"": ""Atlanta""}"
openfootball,usa_vs_paraguay,USA,Paraguay,D,2026-06-12,,,,,,,"{""round"": ""Matchday 2"", ""time"": ""18:00 UTC-7"", ""ground"": ""Los Angeles (Inglewood)""}"
openfootball,australia_vs_turkey,Australia,Turkey,D,2026-06-13,,,,,,,"{""round"": ""Matchday 3"", ""time"": ""21:00 UTC-7"", ""ground"": ""Vancouver""}"
openfootball,usa_vs_australia,USA,Australia,D,2026-06-19,,,,,,,"{""round"": ""Matchday 9"", ""time"": ""12:00 UTC-7"", ""ground"": ""Seattle""}"
openfootball,turkey_vs_paraguay,Turkey,Paraguay,D,2026-06-19,,,,,,,"{""round"": ""Matchday 9"", ""time"": ""20:00 UTC-7"", ""ground"": ""San Francisco Bay Area (Santa Clara)""}"
openfootball,turkey_vs_usa,Turkey,USA,D,2026-06-25,,,,,,,"{""round"": ""Matchday 15"", ""time"": ""19:00 UTC-7"", ""ground"": ""Los Angeles (Inglewood)""}"
openfootball,paraguay_vs_australia,Paraguay,Australia,D,2026-06-25,,,,,,,"{""round"": ""Matchday 15"", ""time"": ""19:00 UTC-7"", ""ground"": ""San Francisco Bay Area (Santa Clara)""}"
openfootball,germany_vs_curaao,Germany,Curaao,E,2026-06-14,,,,,,,"{""round"": ""Matchday 4"", ""time"": ""12:00 UTC-5"", ""ground"": ""Houston""}"
openfootball,ivory_coast_vs_ecuador,Ivory Coast,Ecuador,E,2026-06-14,,,,,,,"{""round"": ""Matchday 4"", ""time"": ""19:00 UTC-4"", ""ground"": ""Philadelphia""}"
openfootball,germany_vs_ivory_coast,Germany,Ivory Coast,E,2026-06-20,,,,,,,"{""round"": ""Matchday 10"", ""time"": ""16:00 UTC-4"", ""ground"": ""Toronto""}"
openfootball,ecuador_vs_curaao,Ecuador,Curaao,E,2026-06-20,,,,,,,"{""round"": ""Matchday 10"", ""time"": ""19:00 UTC-5"", ""ground"": ""Kansas City""}"
openfootball,curaao_vs_ivory_coast,Curaao,Ivory Coast,E,2026-06-25,,,,,,,"{""round"": ""Matchday 15"", ""time"": ""16:00 UTC-4"", ""ground"": ""Philadelphia""}"
openfootball,ecuador_vs_germany,Ecuador,Germany,E,2026-06-25,,,,,,,"{""round"": ""Matchday 15"", ""time"": ""16:00 UTC-4"", ""ground"": ""New York/New Jersey (East Rutherford)""}"
openfootball,netherlands_vs_japan,Netherlands,Japan,F,2026-06-14,,,,,,,"{""round"": ""Matchday 4"", ""time"": ""15:00 UTC-5"", ""ground"": ""Dallas (Arlington)""}"
openfootball,sweden_vs_tunisia,Sweden,Tunisia,F,2026-06-14,,,,,,,"{""round"": ""Matchday 4"", ""time"": ""20:00 UTC-6"", ""ground"": ""Monterrey (Guadalupe)""}"
openfootball,netherlands_vs_sweden,Netherlands,Sweden,F,2026-06-20,,,,,,,"{""round"": ""Matchday 10"", ""time"": ""12:00 UTC-5"", ""ground"": ""Houston""}"
openfootball,tunisia_vs_japan,Tunisia,Japan,F,2026-06-20,,,,,,,"{""round"": ""Matchday 10"", ""time"": ""22:00 UTC-6"", ""ground"": ""Monterrey (Guadalupe)""}"
openfootball,japan_vs_sweden,Japan,Sweden,F,2026-06-25,,,,,,,"{""round"": ""Matchday 15"", ""time"": ""18:00 UTC-5"", ""ground"": ""Dallas (Arlington)""}"
openfootball,tunisia_vs_netherlands,Tunisia,Netherlands,F,2026-06-25,,,,,,,"{""round"": ""Matchday 15"", ""time"": ""18:00 UTC-5"", ""ground"": ""Kansas City""}"
openfootball,belgium_vs_egypt,Belgium,Egypt,G,2026-06-15,,,,,,,"{""round"": ""Matchday 5"", ""time"": ""12:00 UTC-7"", ""ground"": ""Seattle""}"
openfootball,iran_vs_new_zealand,Iran,New Zealand,G,2026-06-15,,,,,,,"{""round"": ""Matchday 5"", ""time"": ""18:00 UTC-7"", ""ground"": ""Los Angeles (Inglewood)""}"
openfootball,belgium_vs_iran,Belgium,Iran,G,2026-06-21,,,,,,,"{""round"": ""Matchday 11"", ""time"": ""12:00 UTC-7"", ""ground"": ""Los Angeles (Inglewood)""}"
openfootball,new_zealand_vs_egypt,New Zealand,Egypt,G,2026-06-21,,,,,,,"{""round"": ""Matchday 11"", ""time"": ""18:00 UTC-7"", ""ground"": ""Vancouver""}"
openfootball,egypt_vs_iran,Egypt,Iran,G,2026-06-26,,,,,,,"{""round"": ""Matchday 16"", ""time"": ""20:00 UTC-7"", ""ground"": ""Seattle""}"
openfootball,new_zealand_vs_belgium,New Zealand,Belgium,G,2026-06-26,,,,,,,"{""round"": ""Matchday 16"", ""time"": ""20:00 UTC-7"", ""ground"": ""Vancouver""}"
openfootball,spain_vs_cape_verde,Spain,Cape Verde,H,2026-06-15,,,,,,,"{""round"": ""Matchday 5"", ""time"": ""12:00 UTC-4"", ""ground"": ""Atlanta""}"
openfootball,saudi_arabia_vs_uruguay,Saudi Arabia,Uruguay,H,2026-06-15,,,,,,,"{""round"": ""Matchday 5"", ""time"": ""18:00 UTC-4"", ""ground"": ""Miami (Miami Gardens)""}"
openfootball,spain_vs_saudi_arabia,Spain,Saudi Arabia,H,2026-06-21,,,,,,,"{""round"": ""Matchday 11"", ""time"": ""12:00 UTC-4"", ""ground"": ""Atlanta""}"
openfootball,uruguay_vs_cape_verde,Uruguay,Cape Verde,H,2026-06-21,,,,,,,"{""round"": ""Matchday 11"", ""time"": ""18:00 UTC-4"", ""ground"": ""Miami (Miami Gardens)""}"
openfootball,cape_verde_vs_saudi_arabia,Cape Verde,Saudi Arabia,H,2026-06-26,,,,,,,"{""round"": ""Matchday 16"", ""time"": ""19:00 UTC-5"", ""ground"": ""Houston""}"
openfootball,uruguay_vs_spain,Uruguay,Spain,H,2026-06-26,,,,,,,"{""round"": ""Matchday 16"", ""time"": ""18:00 UTC-6"", ""ground"": ""Guadalajara (Zapopan)""}"
openfootball,france_vs_senegal,France,Senegal,I,2026-06-16,,,,,,,"{""round"": ""Matchday 6"", ""time"": ""15:00 UTC-4"", ""ground"": ""New York/New Jersey (East Rutherford)""}"
openfootball,iraq_vs_norway,Iraq,Norway,I,2026-06-16,,,,,,,"{""round"": ""Matchday 6"", ""time"": ""18:00 UTC-4"", ""ground"": ""Boston (Foxborough)""}"
openfootball,france_vs_iraq,France,Iraq,I,2026-06-22,,,,,,,"{""round"": ""Matchday 12"", ""time"": ""17:00 UTC-4"", ""ground"": ""Philadelphia""}"
openfootball,norway_vs_senegal,Norway,Senegal,I,2026-06-22,,,,,,,"{""round"": ""Matchday 12"", ""time"": ""20:00 UTC-4"", ""ground"": ""New York/New Jersey (East Rutherford)""}"
openfootball,norway_vs_france,Norway,France,I,2026-06-26,,,,,,,"{""round"": ""Matchday 16"", ""time"": ""15:00 UTC-4"", ""ground"": ""Boston (Foxborough)""}"
openfootball,senegal_vs_iraq,Senegal,Iraq,I,2026-06-26,,,,,,,"{""round"": ""Matchday 16"", ""time"": ""15:00 UTC-4"", ""ground"": ""Toronto""}"
openfootball,argentina_vs_algeria,Argentina,Algeria,J,2026-06-16,,,,,,,"{""round"": ""Matchday 6"", ""time"": ""20:00 UTC-5"", ""ground"": ""Kansas City""}"
openfootball,austria_vs_jordan,Austria,Jordan,J,2026-06-16,,,,,,,"{""round"": ""Matchday 6"", ""time"": ""21:00 UTC-7"", ""ground"": ""San Francisco Bay Area (Santa Clara)""}"
openfootball,argentina_vs_austria,Argentina,Austria,J,2026-06-22,,,,,,,"{""round"": ""Matchday 12"", ""time"": ""12:00 UTC-5"", ""ground"": ""Dallas (Arlington)""}"
openfootball,jordan_vs_algeria,Jordan,Algeria,J,2026-06-22,,,,,,,"{""round"": ""Matchday 12"", ""time"": ""20:00 UTC-7"", ""ground"": ""San Francisco Bay Area (Santa Clara)""}"
openfootball,algeria_vs_austria,Algeria,Austria,J,2026-06-27,,,,,,,"{""round"": ""Matchday 17"", ""time"": ""21:00 UTC-5"", ""ground"": ""Kansas City""}"
openfootball,jordan_vs_argentina,Jordan,Argentina,J,2026-06-27,,,,,,,"{""round"": ""Matchday 17"", ""time"": ""21:00 UTC-5"", ""ground"": ""Dallas (Arlington)""}"
openfootball,portugal_vs_dr_congo,Portugal,DR Congo,K,2026-06-17,,,,,,,"{""round"": ""Matchday 7"", ""time"": ""12:00 UTC-5"", ""ground"": ""Houston""}"
openfootball,uzbekistan_vs_colombia,Uzbekistan,Colombia,K,2026-06-17,,,,,,,"{""round"": ""Matchday 7"", ""time"": ""20:00 UTC-6"", ""ground"": ""Mexico City""}"
openfootball,portugal_vs_uzbekistan,Portugal,Uzbekistan,K,2026-06-23,,,,,,,"{""round"": ""Matchday 13"", ""time"": ""12:00 UTC-5"", ""ground"": ""Houston""}"
openfootball,colombia_vs_dr_congo,Colombia,DR Congo,K,2026-06-23,,,,,,,"{""round"": ""Matchday 13"", ""time"": ""20:00 UTC-6"", ""ground"": ""Guadalajara (Zapopan)""}"
openfootball,colombia_vs_portugal,Colombia,Portugal,K,2026-06-27,,,,,,,"{""round"": ""Matchday 17"", ""time"": ""19:30 UTC-4"", ""ground"": ""Miami (Miami Gardens)""}"
openfootball,dr_congo_vs_uzbekistan,DR Congo,Uzbekistan,K,2026-06-27,,,,,,,"{""round"": ""Matchday 17"", ""time"": ""19:30 UTC-4"", ""ground"": ""Atlanta""}"
openfootball,england_vs_croatia,England,Croatia,L,2026-06-17,,,,,,,"{""round"": ""Matchday 7"", ""time"": ""15:00 UTC-5"", ""ground"": ""Dallas (Arlington)""}"
openfootball,ghana_vs_panama,Ghana,Panama,L,2026-06-17,,,,,,,"{""round"": ""Matchday 7"", ""time"": ""19:00 UTC-4"", ""ground"": ""Toronto""}"
openfootball,england_vs_ghana,England,Ghana,L,2026-06-23,,,,,,,"{""round"": ""Matchday 13"", ""time"": ""16:00 UTC-4"", ""ground"": ""Boston (Foxborough)""}"
openfootball,panama_vs_croatia,Panama,Croatia,L,2026-06-23,,,,,,,"{""round"": ""Matchday 13"", ""time"": ""19:00 UTC-4"", ""ground"": ""Toronto""}"
openfootball,panama_vs_england,Panama,England,L,2026-06-27,,,,,,,"{""round"": ""Matchday 17"", ""time"": ""17:00 UTC-4"", ""ground"": ""New York/New Jersey (East Rutherford)""}"
openfootball,croatia_vs_ghana,Croatia,Ghana,L,2026-06-27,,,,,,,"{""round"": ""Matchday 17"", ""time"": ""17:00 UTC-4"", ""ground"": ""Philadelphia""}"
openfootball,south_africa_vs_canada,South Africa,Canada,,2026-06-28,,,,,,,"{""round"": ""Round of 32"", ""time"": ""12:00 UTC-7"", ""ground"": ""Los Angeles (Inglewood)""}"
openfootball,germany_vs_paraguay,Germany,Paraguay,,2026-06-29,,,,,,,"{""round"": ""Round of 32"", ""time"": ""16:30 UTC-4"", ""ground"": ""Boston (Foxborough)""}"
openfootball,netherlands_vs_morocco,Netherlands,Morocco,,2026-06-29,,,,,,,"{""round"": ""Round of 32"", ""time"": ""19:00 UTC-6"", ""ground"": ""Monterrey (Guadalupe)""}"
openfootball,brazil_vs_japan,Brazil,Japan,,2026-06-29,,,,,,,"{""round"": ""Round of 32"", ""time"": ""12:00 UTC-5"", ""ground"": ""Houston""}"
openfootball,france_vs_sweden,France,Sweden,,2026-06-30,,,,,,,"{""round"": ""Round of 32"", ""time"": ""17:00 UTC-4"", ""ground"": ""New York/New Jersey (East Rutherford)""}"
openfootball,ivory_coast_vs_norway,Ivory Coast,Norway,,2026-06-30,,,,,,,"{""round"": ""Round of 32"", ""time"": ""12:00 UTC-5"", ""ground"": ""Dallas (Arlington)""}"
openfootball,mexico_vs_ecuador,Mexico,Ecuador,,2026-06-30,,,,,,,"{""round"": ""Round of 32"", ""time"": ""19:00 UTC-6"", ""ground"": ""Mexico City""}"
openfootball,england_vs_dr_congo,England,DR Congo,,2026-07-01,,,,,,,"{""round"": ""Round of 32"", ""time"": ""12:00 UTC-4"", ""ground"": ""Atlanta""}"
openfootball,usa_vs_bosnia_herzegovina,USA,Bosnia & Herzegovina,,2026-07-01,,,,,,,"{""round"": ""Round of 32"", ""time"": ""17:00 UTC-7"", ""ground"": ""San Francisco Bay Area (Santa Clara)""}"
openfootball,belgium_vs_senegal,Belgium,Senegal,,2026-07-01,,,,,,,"{""round"": ""Round of 32"", ""time"": ""13:00 UTC-7"", ""ground"": ""Seattle""}"
openfootball,portugal_vs_croatia,Portugal,Croatia,,2026-07-02,,,,,,,"{""round"": ""Round of 32"", ""time"": ""19:00 UTC-4"", ""ground"": ""Toronto""}"
openfootball,spain_vs_austria,Spain,Austria,,2026-07-02,,,,,,,"{""round"": ""Round of 32"", ""time"": ""12:00 UTC-7"", ""ground"": ""Los Angeles (Inglewood)""}"
openfootball,switzerland_vs_algeria,Switzerland,Algeria,,2026-07-02,,,,,,,"{""round"": ""Round of 32"", ""time"": ""20:00 UTC-7"", ""ground"": ""Vancouver""}"
openfootball,argentina_vs_cape_verde,Argentina,Cape Verde,,2026-07-03,,,,,,,"{""round"": ""Round of 32"", ""time"": ""18:00 UTC-4"", ""ground"": ""Miami (Miami Gardens)""}"
openfootball,colombia_vs_ghana,Colombia,Ghana,,2026-07-03,,,,,,,"{""round"": ""Round of 32"", ""time"": ""20:30 UTC-5"", ""ground"": ""Kansas City""}"
openfootball,australia_vs_egypt,Australia,Egypt,,2026-07-03,,,,,,,"{""round"": ""Round of 32"", ""time"": ""13:00 UTC-5"", ""ground"": ""Dallas (Arlington)""}"
openfootball,paraguay_vs_france,Paraguay,France,,2026-07-04,,,,,,,"{""round"": ""Round of 16"", ""time"": ""17:00 UTC-4"", ""ground"": ""Philadelphia""}"
openfootball,canada_vs_morocco,Canada,Morocco,,2026-07-04,,,,,,,"{""round"": ""Round of 16"", ""time"": ""12:00 UTC-5"", ""ground"": ""Houston""}"
openfootball,brazil_vs_norway,Brazil,Norway,,2026-07-05,,,,,,,"{""round"": ""Round of 16"", ""time"": ""16:00 UTC-4"", ""ground"": ""New York/New Jersey (East Rutherford)""}"
openfootball,mexico_vs_england,Mexico,England,,2026-07-05,,,,,,,"{""round"": ""Round of 16"", ""time"": ""18:00 UTC-6"", ""ground"": ""Mexico City""}"
openfootball,portugal_vs_spain,Portugal,Spain,,2026-07-06,,,,,,,"{""round"": ""Round of 16"", ""time"": ""14:00 UTC-5"", ""ground"": ""Dallas (Arlington)""}"
openfootball,usa_vs_belgium,USA,Belgium,,2026-07-06,,,,,,,"{""round"": ""Round of 16"", ""time"": ""17:00 UTC-7"", ""ground"": ""Seattle""}"
openfootball,argentina_vs_egypt,Argentina,Egypt,,2026-07-07,,,,,,,"{""round"": ""Round of 16"", ""time"": ""12:00 UTC-4"", ""ground"": ""Atlanta""}"
openfootball,switzerland_vs_colombia,Switzerland,Colombia,,2026-07-07,,,,,,,"{""round"": ""Round of 16"", ""time"": ""13:00 UTC-7"", ""ground"": ""Vancouver""}"
openfootball,france_vs_morocco,France,Morocco,,2026-07-09,,,,,,,"{""round"": ""Quarter-final"", ""time"": ""16:00 UTC-4"", ""ground"": ""Boston (Foxborough)""}"
openfootball,spain_vs_belgium,Spain,Belgium,,2026-07-10,,,,,,,"{""round"": ""Quarter-final"", ""time"": ""12:00 UTC-7"", ""ground"": ""Los Angeles (Inglewood)""}"
openfootball,norway_vs_england,Norway,England,,2026-07-11,,,,,,,"{""round"": ""Quarter-final"", ""time"": ""17:00 UTC-4"", ""ground"": ""Miami (Miami Gardens)""}"
openfootball,argentina_vs_switzerland,Argentina,Switzerland,,2026-07-11,,,,,,,"{""round"": ""Quarter-final"", ""time"": ""20:00 UTC-5"", ""ground"": ""Kansas City""}"
openfootball,france_vs_spain,France,Spain,,2026-07-14,,,,,,,"{""round"": ""Semi-final"", ""time"": ""14:00 UTC-5"", ""ground"": ""Dallas (Arlington)""}"
openfootball,england_vs_argentina,England,Argentina,,2026-07-15,,,,,,,"{""round"": ""Semi-final"", ""time"": ""15:00 UTC-4"", ""ground"": ""Atlanta""}"
openfootball,france_vs_england,France,England,,2026-07-18,,,,,,,"{""round"": ""Match for third place"", ""time"": ""17:00 UTC-4"", ""ground"": ""Miami (Miami Gardens)""}"
openfootball,spain_vs_argentina,Spain,Argentina,,2026-07-19,,,,,,,"{""round"": ""Final"", ""time"": ""15:00 UTC-4"", ""ground"": ""New York/New Jersey (East Rutherford)""}"
oddsharvester,mexico_vs_south_africa,Mexico,South Africa,,2026-06-11,0.673535,0.212457,0.114008,1.41,4.47,8.33,"{""n_bookies"": 3, ""bookmakers"": [""bet365.us"", ""BetMGM.us"", ""DraftKings""], ""url"": ""https://www.oddsportal.com/football/h2h/mexico-O6iHcNkd/south-africa-W2ijYvlr/#h4EoUB7T"", ""venue"": ""Estadio Banorte""}"
oddsharvester,south_korea_vs_czech_republic,South Korea,Czech Republic,,2026-06-11,0.359906,0.313581,0.326513,2.64,3.03,2.91,"{""n_bookies"": 3, ""bookmakers"": [""bet365.us"", ""BetMGM.us"", ""DraftKings""], ""url"": ""https://www.oddsportal.com/football/h2h/czech-republic-6LHwBDGU/south-korea-K6Gs7P6G/#CGdvIm6K"", ""venue"": ""Estadio Akron""}"
oddsharvester,canada_vs_bosnia_herzegovina,Canada,Bosnia & Herzegovina,,2026-06-12,0.520133,0.26666,0.213208,1.82,3.55,4.44,"{""n_bookies"": 3, ""bookmakers"": [""bet365.us"", ""BetMGM.us"", ""DraftKings""], ""url"": ""https://www.oddsportal.com/football/h2h/bosnia-herzegovina-fqe7WYTr/canada-x4toKORL/#OxkQ8qT6"", ""venue"": ""BMO Field""}"
oddsharvester,usa_vs_paraguay,USA,Paraguay,,2026-06-12,0.496711,0.277403,0.225885,1.91,3.42,4.2,"{""n_bookies"": 3, ""bookmakers"": [""bet365.us"", ""BetMGM.us"", ""DraftKings""], ""url"": ""https://www.oddsportal.com/football/h2h/paraguay-YaNlqp6j/usa-fuitL4CF/#bo9vy2zK"", ""venue"": ""SoFi Stadium""}"
oddsharvester,qatar_vs_switzerland,Qatar,Switzerland,,2026-06-13,0.07313,0.147622,0.779249,13.0,6.44,1.22,"{""n_bookies"": 4, ""bookmakers"": [""bet365.us"", ""BetMGM.us"", ""DraftKings"", ""Fanduel""], ""url"": ""https://www.oddsportal.com/football/h2h/qatar-zqzHL77i/switzerland-rHJ2vy1B/#C8oCpXiA"", ""venue"": ""Levi's Stadium""}"
oddsharvester,brazil_vs_morocco,Brazil,Morocco,,2026-06-13,0.570089,0.25236,0.177551,1.66,3.75,5.33,"{""n_bookies"": 3, ""bookmakers"": [""bet365.us"", ""BetMGM.us"", ""DraftKings""], ""url"": ""https://www.oddsportal.com/football/h2h/brazil-I9l9aqLq/morocco-IDKYO3R8/#b5JayTEd"", ""venue"": ""MetLife Stadium""}"
oddsharvester,haiti_vs_scotland,Haiti,Scotland,,2026-06-13,0.167343,0.226172,0.606485,5.69,4.21,1.57,"{""n_bookies"": 4, ""bookmakers"": [""bet365.us"", ""BetMGM.us"", ""DraftKings"", ""Fanduel""], ""url"": ""https://www.oddsportal.com/football/h2h/haiti-nk4v10Z1/scotland-fZRU25WH/#QBBoaW63"", ""venue"": ""Gillette Stadium""}"
oddsharvester,australia_vs_turkey,Australia,Turkey,,2026-06-13,0.189232,0.251975,0.558792,5.02,3.77,1.7,"{""n_bookies"": 3, ""bookmakers"": [""bet365.us"", ""BetMGM.us"", ""DraftKings""], ""url"": ""https://www.oddsportal.com/football/h2h/australia-xSrf6qMM/turkey-QeijuHo5/#nLNXPs35"", ""venue"": ""BC Place""}"
oddsharvester,germany_vs_curaao,Germany,Curaçao,,2026-06-14,0.91198,0.059279,0.028741,1.04,16.0,33.0,"{""n_bookies"": 3, ""bookmakers"": [""bet365.us"", ""BetMGM.us"", ""DraftKings""], ""url"": ""https://www.oddsportal.com/football/h2h/curacao-bLLGpOkQ/germany-ptQide1O/#dtiRRcc6"", ""venue"": ""NRG Stadium""}"
oddsharvester,netherlands_vs_japan,Netherlands,Japan,,2026-06-14,0.469835,0.266952,0.263213,2.0,3.52,3.57,"{""n_bookies"": 3, ""bookmakers"": [""bet365.us"", ""BetMGM.us"", ""DraftKings""], ""url"": ""https://www.oddsportal.com/football/h2h/japan-ULXPdOUj/netherlands-WYintcWb/#4SV9xFBO"", ""venue"": ""AT&T Stadium""}"
oddsharvester,ivory_coast_vs_ecuador,Ivory Coast,Ecuador,,2026-06-14,0.267639,0.338121,0.39424,3.55,2.81,2.41,"{""n_bookies"": 4, ""bookmakers"": [""bet365.us"", ""BetMGM.us"", ""DraftKings"", ""Fanduel""], ""url"": ""https://www.oddsportal.com/football/h2h/ecuador-8tbm8Tri/ivory-coast-G2FRjBgn/#h8pzQySI"", ""venue"": ""Lincoln Financial Field""}"
oddsharvester,sweden_vs_tunisia,Sweden,Tunisia,,2026-06-14,0.49981,0.27948,0.22071,1.89,3.38,4.28,"{""n_bookies"": 3, ""bookmakers"": [""bet365.us"", ""BetMGM.us"", ""DraftKings""], ""url"": ""https://www.oddsportal.com/football/h2h/sweden-OQyqbHWB/tunisia-QqZVYk95/#UaJKzaHN"", ""venue"": ""Estadio BBVA""}"
oddsharvester,spain_vs_cape_verde,Spain,Cape Verde,,2026-06-15,0.871873,0.089067,0.03906,1.09,10.67,24.33,"{""n_bookies"": 3, ""bookmakers"": [""bet365.us"", ""BetMGM.us"", ""DraftKings""], ""url"": ""https://www.oddsportal.com/football/h2h/cape-verde-MocyWdm7/spain-bLyo6mco/#Iiqjm5Pq"", ""venue"": ""Mercedes-Benz Stadium""}"
oddsharvester,belgium_vs_egypt,Belgium,Egypt,,2026-06-15,0.57192,0.248334,0.179746,1.65,3.8,5.25,"{""n_bookies"": 3, ""bookmakers"": [""bet365.us"", ""BetMGM.us"", ""DraftKings""], ""url"": ""https://www.oddsportal.com/football/h2h/belgium-GbB957na/egypt-bejDn7NN/#dG7zgzd5"", ""venue"": ""Lumen Field""}"
oddsharvester,saudi_arabia_vs_uruguay,Saudi Arabia,Uruguay,,2026-06-15,0.127203,0.215579,0.657217,7.44,4.39,1.44,"{""n_bookies"": 4, ""bookmakers"": [""bet365.us"", ""BetMGM.us"", ""DraftKings"", ""Fanduel""], ""url"": ""https://www.oddsportal.com/football/h2h/saudi-arabia-biSY8ox4/uruguay-xMk44orG/#Olnboqfd"", ""venue"": ""Hard Rock Stadium""}"
oddsharvester,iran_vs_new_zealand,Iran,New Zealand,,2026-06-15,0.516178,0.2769,0.206921,1.84,3.43,4.59,"{""n_bookies"": 3, ""bookmakers"": [""bet365.us"", ""BetMGM.us"", ""DraftKings""], ""url"": ""https://www.oddsportal.com/football/h2h/iran-xrRx85iA/new-zealand-rLctHkpU/#4tBriEQH"", ""venue"": ""SoFi Stadium""}"
oddsharvester,france_vs_senegal,France,Senegal,,2026-06-16,0.645761,0.215254,0.138985,1.47,4.41,6.83,"{""n_bookies"": 3, ""bookmakers"": [""bet365.us"", ""BetMGM.us"", ""DraftKings""], ""url"": ""https://www.oddsportal.com/football/h2h/france-QkGeVG1n/senegal-hOIsJLJr/#ALxYcMw2"", ""venue"": ""MetLife Stadium""}"
oddsharvester,iraq_vs_norway,Iraq,Norway,,2026-06-16,0.072644,0.136675,0.790681,13.17,7.0,1.21,"{""n_bookies"": 3, ""bookmakers"": [""bet365.us"", ""BetMGM.us"", ""DraftKings""], ""url"": ""https://www.oddsportal.com/football/h2h/iraq-K8aAGt6r/norway-8rP6JO0H/#n9TEVLhA"", ""venue"": ""Gillette Stadium""}"
oddsharvester,argentina_vs_algeria,Argentina,Algeria,,2026-06-16,0.683588,0.205668,0.110744,1.39,4.62,8.58,"{""n_bookies"": 3, ""bookmakers"": [""bet365.us"", ""BetMGM.us"", ""DraftKings""], ""url"": ""https://www.oddsportal.com/football/h2h/algeria-nc87N1BR/argentina-f9OppQjp/#UP9bEsOr"", ""venue"": ""Arrowhead Stadium""}"
oddsharvester,austria_vs_jordan,Austria,Jordan,,2026-06-16,0.724359,0.171593,0.104047,1.31,5.53,9.12,"{""n_bookies"": 4, ""bookmakers"": [""bet365.us"", ""BetMGM.us"", ""DraftKings"", ""Fanduel""], ""url"": ""https://www.oddsportal.com/football/h2h/austria-naHiWdnt/jordan-vNcmJoU2/#OO27CLhe"", ""venue"": ""Levi's Stadium""}"
oddsharvester,portugal_vs_dr_congo,Portugal,DR Congo,,2026-06-17,0.743808,0.163306,0.092885,1.28,5.83,10.25,"{""n_bookies"": 3, ""bookmakers"": [""bet365.us"", ""BetMGM.us"", ""DraftKings""], ""url"": ""https://www.oddsportal.com/football/h2h/d-r-congo-phn9mm8H/portugal-WvJrjFVN/#4zTHJLbM"", ""venue"": ""NRG Stadium""}"
oddsharvester,england_vs_croatia,England,Croatia,,2026-06-17,0.551007,0.250723,0.19827,1.72,3.78,4.78,"{""n_bookies"": 3, ""bookmakers"": [""bet365.us"", ""BetMGM.us"", ""DraftKings""], ""url"": ""https://www.oddsportal.com/football/h2h/croatia-K8aznggo/england-j9N9ZNFA/#b5qGuKMs"", ""venue"": ""AT&T Stadium""}"
oddsharvester,ghana_vs_panama,Ghana,Panama,,2026-06-17,0.453025,0.278989,0.267986,2.1,3.41,3.55,"{""n_bookies"": 4, ""bookmakers"": [""bet365.us"", ""BetMGM.us"", ""DraftKings"", ""Fanduel""], ""url"": ""https://www.oddsportal.com/football/h2h/ghana-nNBjHale/panama-OWKqbCfi/#jD1Nwbif"", ""venue"": ""BMO Field""}"
oddsharvester,uzbekistan_vs_colombia,Uzbekistan,Colombia,,2026-06-17,0.115123,0.206471,0.678405,8.25,4.6,1.4,"{""n_bookies"": 3, ""bookmakers"": [""bet365.us"", ""BetMGM.us"", ""DraftKings""], ""url"": ""https://www.oddsportal.com/football/h2h/colombia-G02s4PCS/uzbekistan-EZYKKRMc/#jaMlPbx1"", ""venue"": ""Estadio Banorte""}"
oddsharvester,czech_republic_vs_south_africa,Czech Republic,South Africa,,2026-06-18,0.484741,0.284712,0.230547,1.95,3.32,4.1,"{""n_bookies"": 3, ""bookmakers"": [""bet365.us"", ""BetMGM.us"", ""DraftKings""], ""url"": ""https://www.oddsportal.com/football/h2h/czech-republic-6LHwBDGU/south-africa-W2ijYvlr/#8nrACRTs"", ""venue"": ""Mercedes-Benz Stadium""}"
oddsharvester,switzerland_vs_bosnia_herzegovina,Switzerland,Bosnia & Herzegovina,,2026-06-18,0.591599,0.238451,0.16995,1.58,3.92,5.5,"{""n_bookies"": 4, ""bookmakers"": [""bet365.us"", ""BetMGM.us"", ""DraftKings"", ""Fanduel""], ""url"": ""https://www.oddsportal.com/football/h2h/bosnia-herzegovina-fqe7WYTr/switzerland-rHJ2vy1B/#djmY6NcJ"", ""venue"": ""SoFi Stadium""}"
oddsharvester,canada_vs_qatar,Canada,Qatar,,2026-06-18,0.718882,0.186909,0.094208,1.3,5.0,9.92,"{""n_bookies"": 3, ""bookmakers"": [""bet365.us"", ""BetMGM.us"", ""DraftKings""], ""url"": ""https://www.oddsportal.com/football/h2h/canada-x4toKORL/qatar-zqzHL77i/#67vLrBMM"", ""venue"": ""BC Place""}"
oddsharvester,mexico_vs_south_korea,Mexico,South Korea,,2026-06-18,0.520047,0.269821,0.210132,1.79,3.45,4.43,"{""n_bookies"": 3, ""bookmakers"": [""bet365.us"", ""BetMGM.us"", ""DraftKings""], ""url"": ""https://www.oddsportal.com/football/h2h/mexico-O6iHcNkd/south-korea-K6Gs7P6G/#On5HOkVj"", ""venue"": ""Estadio Akron""}"
oddsharvester,usa_vs_australia,USA,Australia,,2026-06-19,0.536575,0.249536,0.213888,1.73,3.72,4.34,"{""n_bookies"": 3, ""bookmakers"": [""bet365.us"", ""BetMGM.us"", ""DraftKings""], ""url"": ""https://www.oddsportal.com/football/h2h/australia-xSrf6qMM/usa-fuitL4CF/#S0aAVubs"", ""venue"": ""Lumen Field""}"
oddsharvester,scotland_vs_morocco,Scotland,Morocco,,2026-06-19,0.236289,0.287497,0.476214,3.93,3.23,1.95,"{""n_bookies"": 3, ""bookmakers"": [""bet365.us"", ""BetMGM.us"", ""DraftKings""], ""url"": ""https://www.oddsportal.com/football/h2h/morocco-IDKYO3R8/scotland-fZRU25WH/#nRafcAyG"", ""venue"": ""Gillette Stadium""}"
oddsharvester,brazil_vs_haiti,Brazil,Haiti,,2026-06-19,0.879096,0.083021,0.037883,1.07,11.33,24.83,"{""n_bookies"": 3, ""bookmakers"": [""bet365.us"", ""BetMGM.us"", ""DraftKings""], ""url"": ""https://www.oddsportal.com/football/h2h/brazil-I9l9aqLq/haiti-nk4v10Z1/#IRyRv2Ll"", ""venue"": ""Lincoln Financial Field""}"
oddsharvester,turkey_vs_paraguay,Turkey,Paraguay,,2026-06-19,0.423749,0.298797,0.277454,2.2,3.12,3.36,"{""n_bookies"": 4, ""bookmakers"": [""bet365.us"", ""BetMGM.us"", ""DraftKings"", ""Fanduel""], ""url"": ""https://www.oddsportal.com/football/h2h/paraguay-YaNlqp6j/turkey-QeijuHo5/#KnyuOLXH"", ""venue"": ""Levi's Stadium""}"
oddsharvester,netherlands_vs_sweden,Netherlands,Sweden,,2026-06-20,0.574224,0.236703,0.189074,1.62,3.93,4.92,"{""n_bookies"": 3, ""bookmakers"": [""bet365.us"", ""BetMGM.us"", ""DraftKings""], ""url"": ""https://www.oddsportal.com/football/h2h/netherlands-WYintcWb/sweden-OQyqbHWB/#0rAjVxuo"", ""venue"": ""NRG Stadium""}"
oddsharvester,germany_vs_ivory_coast,Germany,Ivory Coast,,2026-06-20,0.606357,0.222476,0.171167,1.53,4.17,5.42,"{""n_bookies"": 3, ""bookmakers"": [""bet365.us"", ""BetMGM.us"", ""DraftKings""], ""url"": ""https://www.oddsportal.com/football/h2h/germany-ptQide1O/ivory-coast-G2FRjBgn/#SMzorJsm"", ""venue"": ""BMO Field""}"
oddsharvester,ecuador_vs_curaao,Ecuador,Curaçao,,2026-06-20,0.787764,0.140125,0.072111,1.19,6.69,13.0,"{""n_bookies"": 4, ""bookmakers"": [""bet365.us"", ""BetMGM.us"", ""DraftKings"", ""Fanduel""], ""url"": ""https://www.oddsportal.com/football/h2h/curacao-bLLGpOkQ/ecuador-8tbm8Tri/#p2XLmuKP"", ""venue"": ""Arrowhead Stadium""}"
oddsharvester,tunisia_vs_japan,Tunisia,Japan,,2026-06-20,0.183239,0.265959,0.550802,5.08,3.5,1.69,"{""n_bookies"": 3, ""bookmakers"": [""bet365.us"", ""BetMGM.us"", ""DraftKings""], ""url"": ""https://www.oddsportal.com/football/h2h/japan-ULXPdOUj/tunisia-QqZVYk95/#SzGJdIdt"", ""venue"": ""Estadio BBVA""}"
oddsharvester,spain_vs_saudi_arabia,Spain,Saudi Arabia,,2026-06-21,0.851677,0.099453,0.04887,1.1,9.42,19.17,"{""n_bookies"": 3, ""bookmakers"": [""bet365.us"", ""BetMGM.us"", ""DraftKings""], ""url"": ""https://www.oddsportal.com/football/h2h/saudi-arabia-biSY8ox4/spain-bLyo6mco/#CASh7QGF"", ""venue"": ""Mercedes-Benz Stadium""}"
oddsharvester,belgium_vs_iran,Belgium,Iran,,2026-06-21,0.667905,0.204041,0.128054,1.39,4.55,7.25,"{""n_bookies"": 3, ""bookmakers"": [""bet365.us"", ""BetMGM.us"", ""DraftKings""], ""url"": ""https://www.oddsportal.com/football/h2h/belgium-GbB957na/iran-xrRx85iA/#fBZ09etn"", ""venue"": ""SoFi Stadium""}"
oddsharvester,uruguay_vs_cape_verde,Uruguay,Cape Verde,,2026-06-21,0.657161,0.213052,0.129787,1.42,4.38,7.19,"{""n_bookies"": 4, ""bookmakers"": [""bet365.us"", ""BetMGM.us"", ""DraftKings"", ""Fanduel""], ""url"": ""https://www.oddsportal.com/football/h2h/cape-verde-MocyWdm7/uruguay-xMk44orG/#4pPp9nn3"", ""venue"": ""Hard Rock Stadium""}"
oddsharvester,new_zealand_vs_egypt,New Zealand,Egypt,,2026-06-21,0.197765,0.26183,0.540405,4.7,3.55,1.72,"{""n_bookies"": 3, ""bookmakers"": [""bet365.us"", ""BetMGM.us"", ""DraftKings""], ""url"": ""https://www.oddsportal.com/football/h2h/egypt-bejDn7NN/new-zealand-rLctHkpU/#QeaikheU"", ""venue"": ""BC Place""}"
oddsharvester,argentina_vs_austria,Argentina,Austria,,2026-06-22,0.577177,0.24913,0.173693,1.61,3.73,5.35,"{""n_bookies"": 3, ""bookmakers"": [""bet365.us"", ""BetMGM.us"", ""DraftKings""], ""url"": ""https://www.oddsportal.com/football/h2h/argentina-f9OppQjp/austria-naHiWdnt/#Cpq2Y2FE"", ""venue"": ""AT&T Stadium""}"
oddsharvester,france_vs_iraq,France,Iraq,,2026-06-22,0.845899,0.108299,0.045802,1.11,8.67,20.5,"{""n_bookies"": 3, ""bookmakers"": [""bet365.us"", ""BetMGM.us"", ""DraftKings""], ""url"": ""https://www.oddsportal.com/football/h2h/france-QkGeVG1n/iraq-K8aAGt6r/#KMRMTaNM"", ""venue"": ""Lincoln Financial Field""}"
oddsharvester,norway_vs_senegal,Norway,Senegal,,2026-06-22,0.447543,0.276228,0.276228,2.08,3.37,3.37,"{""n_bookies"": 3, ""bookmakers"": [""bet365.us"", ""BetMGM.us"", ""DraftKings""], ""url"": ""https://www.oddsportal.com/football/h2h/norway-8rP6JO0H/senegal-hOIsJLJr/#xSUJLPV8"", ""venue"": ""MetLife Stadium""}"
oddsharvester,jordan_vs_algeria,Jordan,Algeria,,2026-06-22,0.148956,0.234503,0.616541,6.25,3.97,1.51,"{""n_bookies"": 3, ""bookmakers"": [""bet365.us"", ""BetMGM.us"", ""DraftKings""], ""url"": ""https://www.oddsportal.com/football/h2h/algeria-nc87N1BR/jordan-vNcmJoU2/#dx1FAaN7"", ""venue"": ""Levi's Stadium""}"
oddsharvester,portugal_vs_uzbekistan,Portugal,Uzbekistan,,2026-06-23,0.754163,0.151566,0.09427,1.24,6.17,9.92,"{""n_bookies"": 3, ""bookmakers"": [""bet365.us"", ""BetMGM.us"", ""DraftKings""], ""url"": ""https://www.oddsportal.com/football/h2h/portugal-WvJrjFVN/uzbekistan-EZYKKRMc/#nRFcNx7D"", ""venue"": ""NRG Stadium""}"
oddsharvester,england_vs_ghana,England,Ghana,,2026-06-23,0.716805,0.17886,0.104335,1.31,5.25,9.0,"{""n_bookies"": 4, ""bookmakers"": [""bet365.us"", ""BetMGM.us"", ""DraftKings"", ""Fanduel""], ""url"": ""https://www.oddsportal.com/football/h2h/england-j9N9ZNFA/ghana-nNBjHale/#KhgvzGjJ"", ""venue"": ""Gillette Stadium""}"
oddsharvester,panama_vs_croatia,Panama,Croatia,,2026-06-23,0.150296,0.23962,0.610084,6.17,3.87,1.52,"{""n_bookies"": 3, ""bookmakers"": [""bet365.us"", ""BetMGM.us"", ""DraftKings""], ""url"": ""https://www.oddsportal.com/football/h2h/croatia-K8aznggo/panama-OWKqbCfi/#CSkWyxM6"", ""venue"": ""BMO Field""}"
oddsharvester,colombia_vs_dr_congo,Colombia,DR Congo,,2026-06-23,0.643766,0.22439,0.131845,1.45,4.16,7.08,"{""n_bookies"": 3, ""bookmakers"": [""bet365.us"", ""BetMGM.us"", ""DraftKings""], ""url"": ""https://www.oddsportal.com/football/h2h/colombia-G02s4PCS/d-r-congo-phn9mm8H/#K0YnEaMq"", ""venue"": ""Estadio Akron""}"
oddsharvester,bosnia_herzegovina_vs_qatar,Bosnia & Herzegovina,Qatar,,2026-06-24,0.5866,0.246989,0.166411,1.6,3.8,5.64,"{""n_bookies"": 4, ""bookmakers"": [""bet365.us"", ""BetMGM.us"", ""DraftKings"", ""Fanduel""], ""url"": ""https://www.oddsportal.com/football/h2h/bosnia-herzegovina-fqe7WYTr/qatar-zqzHL77i/#jRyHEZGP"", ""venue"": ""Lumen Field""}"
oddsharvester,switzerland_vs_canada,Switzerland,Canada,,2026-06-24,0.445964,0.282806,0.27123,2.08,3.28,3.42,"{""n_bookies"": 3, ""bookmakers"": [""bet365.us"", ""BetMGM.us"", ""DraftKings""], ""url"": ""https://www.oddsportal.com/football/h2h/canada-x4toKORL/switzerland-rHJ2vy1B/#2wQjwkpp"", ""venue"": ""BC Place""}"
oddsharvester,scotland_vs_brazil,Scotland,Brazil,,2026-06-24,0.14326,0.20556,0.65118,6.5,4.53,1.43,"{""n_bookies"": 3, ""bookmakers"": [""bet365.us"", ""BetMGM.us"", ""DraftKings""], ""url"": ""https://www.oddsportal.com/football/h2h/brazil-I9l9aqLq/scotland-fZRU25WH/#EgVZxtj1"", ""venue"": ""Hard Rock Stadium""}"
oddsharvester,morocco_vs_haiti,Morocco,Haiti,,2026-06-24,0.706876,0.185502,0.107621,1.32,5.03,8.67,"{""n_bookies"": 3, ""bookmakers"": [""bet365.us"", ""BetMGM.us"", ""DraftKings""], ""url"": ""https://www.oddsportal.com/football/h2h/haiti-nk4v10Z1/morocco-IDKYO3R8/#n7TsyKKD"", ""venue"": ""Mercedes-Benz Stadium""}"
oddsharvester,czech_republic_vs_mexico,Czech Republic,Mexico,,2026-06-24,0.215177,0.270063,0.51476,4.33,3.45,1.81,"{""n_bookies"": 3, ""bookmakers"": [""bet365.us"", ""BetMGM.us"", ""DraftKings""], ""url"": ""https://www.oddsportal.com/football/h2h/czech-republic-6LHwBDGU/mexico-O6iHcNkd/#GCoIA5bf"", ""venue"": ""Estadio Banorte""}"
oddsharvester,south_africa_vs_south_korea,South Africa,South Korea,,2026-06-24,0.242055,0.275095,0.48285,3.83,3.37,1.92,"{""n_bookies"": 3, ""bookmakers"": [""bet365.us"", ""BetMGM.us"", ""DraftKings""], ""url"": ""https://www.oddsportal.com/football/h2h/south-africa-W2ijYvlr/south-korea-K6Gs7P6G/#4rr4ngNc"", ""venue"": ""Estadio BBVA""}"
oddsharvester,curaao_vs_ivory_coast,Curaçao,Ivory Coast,,2026-06-25,0.071725,0.150565,0.77771,13.12,6.25,1.21,"{""n_bookies"": 4, ""bookmakers"": [""bet365.us"", ""BetMGM.us"", ""DraftKings"", ""Fanduel""], ""url"": ""https://www.oddsportal.com/football/h2h/curacao-bLLGpOkQ/ivory-coast-G2FRjBgn/#d2S1vysC"", ""venue"": ""Lincoln Financial Field""}"
oddsharvester,ecuador_vs_germany,Ecuador,Germany,,2026-06-25,0.19499,0.251379,0.553632,4.77,3.7,1.68,"{""n_bookies"": 3, ""bookmakers"": [""bet365.us"", ""BetMGM.us"", ""DraftKings""], ""url"": ""https://www.oddsportal.com/football/h2h/ecuador-8tbm8Tri/germany-ptQide1O/#zmvgtcCa"", ""venue"": ""MetLife Stadium""}"
oddsharvester,japan_vs_sweden,Japan,Sweden,,2026-06-25,0.451439,0.27875,0.269811,2.05,3.32,3.43,"{""n_bookies"": 3, ""bookmakers"": [""bet365.us"", ""BetMGM.us"", ""DraftKings""], ""url"": ""https://www.oddsportal.com/football/h2h/japan-ULXPdOUj/sweden-OQyqbHWB/#Sl2xgtXi"", ""venue"": ""AT&T Stadium""}"
oddsharvester,tunisia_vs_netherlands,Tunisia,Netherlands,,2026-06-25,0.153245,0.225601,0.621154,6.08,4.13,1.5,"{""n_bookies"": 3, ""bookmakers"": [""bet365.us"", ""BetMGM.us"", ""DraftKings""], ""url"": ""https://www.oddsportal.com/football/h2h/netherlands-WYintcWb/tunisia-QqZVYk95/#0lERfdRh"", ""venue"": ""Arrowhead Stadium""}"
oddsharvester,paraguay_vs_australia,Paraguay,Australia,,2026-06-25,0.435086,0.292345,0.272569,2.13,3.17,3.4,"{""n_bookies"": 3, ""bookmakers"": [""bet365.us"", ""BetMGM.us"", ""DraftKings""], ""url"": ""https://www.oddsportal.com/football/h2h/australia-xSrf6qMM/paraguay-YaNlqp6j/#lGmJTJSg"", ""venue"": ""Levi's Stadium""}"
oddsharvester,turkey_vs_usa,Turkey,USA,,2026-06-25,0.355356,0.272232,0.372413,2.62,3.42,2.5,"{""n_bookies"": 3, ""bookmakers"": [""bet365.us"", ""BetMGM.us"", ""DraftKings""], ""url"": ""https://www.oddsportal.com/football/h2h/turkey-QeijuHo5/usa-fuitL4CF/#SCvmMa2U"", ""venue"": ""SoFi Stadium""}"
oddsharvester,norway_vs_france,Norway,France,,2026-06-26,0.222116,0.266157,0.511727,4.17,3.48,1.81,"{""n_bookies"": 3, ""bookmakers"": [""bet365.us"", ""BetMGM.us"", ""DraftKings""], ""url"": ""https://www.oddsportal.com/football/h2h/france-QkGeVG1n/norway-8rP6JO0H/#bsJSJ30L"", ""venue"": ""Gillette Stadium""}"
oddsharvester,senegal_vs_iraq,Senegal,Iraq,,2026-06-26,0.65843,0.211532,0.130038,1.42,4.42,7.19,"{""n_bookies"": 4, ""bookmakers"": [""bet365.us"", ""BetMGM.us"", ""DraftKings"", ""Fanduel""], ""url"": ""https://www.oddsportal.com/football/h2h/iraq-K8aAGt6r/senegal-hOIsJLJr/#j5IhOwop"", ""venue"": ""BMO Field""}"
oddsharvester,cape_verde_vs_saudi_arabia,Cape Verde,Saudi Arabia,,2026-06-26,0.371869,0.283706,0.344425,2.51,3.29,2.71,"{""n_bookies"": 4, ""bookmakers"": [""bet365.us"", ""BetMGM.us"", ""DraftKings"", ""Fanduel""], ""url"": ""https://www.oddsportal.com/football/h2h/cape-verde-MocyWdm7/saudi-arabia-biSY8ox4/#487Xar9k"", ""venue"": ""NRG Stadium""}"
oddsharvester,uruguay_vs_spain,Uruguay,Spain,,2026-06-26,0.182884,0.240065,0.577051,5.08,3.87,1.61,"{""n_bookies"": 3, ""bookmakers"": [""bet365.us"", ""BetMGM.us"", ""DraftKings""], ""url"": ""https://www.oddsportal.com/football/h2h/spain-bLyo6mco/uruguay-xMk44orG/#8xM154oS"", ""venue"": ""Estadio Akron""}"
oddsharvester,new_zealand_vs_belgium,New Zealand,Belgium,,2026-06-26,0.106074,0.167855,0.726071,8.83,5.58,1.29,"{""n_bookies"": 3, ""bookmakers"": [""bet365.us"", ""BetMGM.us"", ""DraftKings""], ""url"": ""https://www.oddsportal.com/football/h2h/belgium-GbB957na/new-zealand-rLctHkpU/#jwT97ZAb"", ""venue"": ""BC Place""}"
oddsharvester,egypt_vs_iran,Egypt,Iran,,2026-06-26,0.416787,0.316134,0.267079,2.23,2.94,3.48,"{""n_bookies"": 3, ""bookmakers"": [""bet365.us"", ""BetMGM.us"", ""DraftKings""], ""url"": ""https://www.oddsportal.com/football/h2h/egypt-bejDn7NN/iran-xrRx85iA/#OjRH5DuB"", ""venue"": ""Lumen Field""}"
oddsharvester,croatia_vs_ghana,Croatia,Ghana,,2026-06-27,0.565091,0.253904,0.181006,1.64,3.65,5.12,"{""n_bookies"": 3, ""bookmakers"": [""bet365.us"", ""BetMGM.us"", ""DraftKings""], ""url"": ""https://www.oddsportal.com/football/h2h/croatia-K8aznggo/ghana-nNBjHale/#6mbbuBSb"", ""venue"": ""Lincoln Financial Field""}"
oddsharvester,panama_vs_england,Panama,England,,2026-06-27,0.105237,0.15893,0.735833,8.88,5.88,1.27,"{""n_bookies"": 4, ""bookmakers"": [""bet365.us"", ""BetMGM.us"", ""DraftKings"", ""Fanduel""], ""url"": ""https://www.oddsportal.com/football/h2h/england-j9N9ZNFA/panama-OWKqbCfi/#YZajsXcn"", ""venue"": ""MetLife Stadium""}"
oddsharvester,colombia_vs_portugal,Colombia,Portugal,,2026-06-27,0.275257,0.287188,0.437555,3.37,3.23,2.12,"{""n_bookies"": 3, ""bookmakers"": [""bet365.us"", ""BetMGM.us"", ""DraftKings""], ""url"": ""https://www.oddsportal.com/football/h2h/colombia-G02s4PCS/portugal-WvJrjFVN/#vL2qotaK"", ""venue"": ""Hard Rock Stadium""}"
oddsharvester,dr_congo_vs_uzbekistan,DR Congo,Uzbekistan,,2026-06-27,0.403306,0.285417,0.311277,2.3,3.25,2.98,"{""n_bookies"": 3, ""bookmakers"": [""bet365.us"", ""BetMGM.us"", ""DraftKings""], ""url"": ""https://www.oddsportal.com/football/h2h/d-r-congo-phn9mm8H/uzbekistan-EZYKKRMc/#hEWfCwid"", ""venue"": ""Mercedes-Benz Stadium""}"
oddsharvester,algeria_vs_austria,Algeria,Austria,,2026-06-27,0.265312,0.296674,0.438014,3.5,3.13,2.12,"{""n_bookies"": 3, ""bookmakers"": [""bet365.us"", ""BetMGM.us"", ""DraftKings""], ""url"": ""https://www.oddsportal.com/football/h2h/algeria-nc87N1BR/austria-naHiWdnt/#4rOtRK7l"", ""venue"": ""Arrowhead Stadium""}"
oddsharvester,jordan_vs_argentina,Jordan,Argentina,,2026-06-27,0.07208,0.140487,0.787433,13.0,6.67,1.19,"{""n_bookies"": 3, ""bookmakers"": [""bet365.us"", ""BetMGM.us"", ""DraftKings""], ""url"": ""https://www.oddsportal.com/football/h2h/argentina-f9OppQjp/jordan-vNcmJoU2/#KAnAWtpR"", ""venue"": ""AT&T Stadium""}"
